date,symbol,open,high,low,close,volume,market_cap,return,rolling_vol,TR,ATR,ma_10,ma_30,ma_50,bb_mid,bb_upper,bb_lower,vol_mcap_ratio,rolling_vol_mean
2023-02-19,BTC,20706.57531420496,20878.18436553622,20703.43965988704,20759.87459368865,1044207,20428052003,0.016243476889216568,0.012046661415561044,450.1323624513934,371.26126474695957,20559.322982488124,20019.72435877726,20042.830011769398,20331.144764198292,20983.686870426165,19678.60265797042,5.111632767758037e-05,1004574.2857142857
2023-02-20,BTC,20622.48855352473,20798.28152041952,20459.05105495714,20467.650799445782,988526,20759874593,-0.014076375698902854,0.01281715660195149,339.2304654623804,370.78094148433905,20600.41332084243,20054.88965354289,20052.30686441846,20355.909841639565,20988.40476739968,19723.41491587945,4.7617146990537216e-05,984325.0
2023-02-21,BTC,20309.67756580703,20647.082590688715,20241.793059321302,20343.213886246453,968215,20467650799,-0.006079687132570122,0.012706271253235344,405.28953136741256,385.2034806215956,20617.89192366113,20089.384943067565,20059.338063730414,20370.425533707225,20986.759148394394,19754.091919020055,4.730464719709331e-05,983035.2142857143
2023-02-22,BTC,20702.364018410644,20786.204806421767,20441.331232334476,20770.639034448657,1091786,20343213886,0.021010699223448448,0.013745079298884433,442.9909201753144,399.9376826648996,20644.235864573326,20136.500890119518,20071.941812419613,20405.22058335922,21029.786906209967,19780.654260508472,5.3668314461922676e-05,990111.5714285715
2023-02-23,BTC,20849.005879837896,21193.296144105763,20572.374646900666,20726.196143805824,1184371,20770639034,-0.002139697799818485,0.013407950307321097,620.9214972050977,418.27654309801983,20657.484151315966,20181.09056696013,20083.648927580634,20425.14209337174,21064.54698827752,19785.737198465962,5.702140401464164e-05,1005724.8571428572
2023-02-24,BTC,20988.77863355399,21137.309811149968,20895.62635624767,21010.226325485743,1077463,20726196143,0.013703922307268357,0.013640788410018036,411.1136673441433,426.86650118478195,20668.619988584385,20229.631471376888,20098.13668326433,20456.722268923677,21146.832375903403,19766.61216194395,5.198556418968847e-05,1008505.7142857143
2023-02-25,BTC,21006.14148768023,21202.04301055975,20734.124039306924,20937.1314566947,989488,21010226325,-0.0034790138696590978,0.013744550821843133,467.91897125282776,433.48959033343505,20698.7058484532,20283.976509702174,20112.573201156287,20496.967718978187,21201.135124715413,19792.80031324096,4.709554217522214e-05,1007388.0
2023-02-26,BTC,21278.91155731281,21583.230076273587,21185.27488017573,21334.353916690136,1013074,20937131456,0.018972152933988573,0.013926473309815496,646.0986195788864,444.23229677135066,20733.593259835747,20352.372937065575,20135.964584413337,20556.230560736407,21332.897625915968,19779.563495556846,4.838647558425111e-05,1015020.6428571428
2023-02-27,BTC,21346.83641298105,21848.05947627916,21260.38695361117,21356.139039403577,1090973,21334353916,0.0010211287765502508,0.01392972738615484,587.6725226679882,477.97028929820124,20813.347719899437,20420.693902327694,20144.096550856862,20624.902478394888,21430.39103624606,19819.413920543717,5.1136912994670506e-05,1015290.7857142857
2023-02-28,BTC,21398.650504761663,21527.088816575462,21383.713800549613,21518.519326481903,961468,21356139039,0.007603447738316449,0.013575498430404384,170.94977717188522,459.2684038723619,20922.394452239143,20498.737060673873,20155.976077376003,20697.238797321384,21551.92571294297,19842.551881699797,4.502068460240839e-05,1007885.7142857143
2023-03-01,BTC,21110.231893808865,21380.557018093725,20980.375747974424,21198.72136772129,1211131,21518519326,-0.014861522482499612,0.013779639793391125,538.1435785074791,473.12729817224107,20966.279129642407,20542.85621934633,20165.102183338673,20762.801056065266,21554.8174414769,19970.784670653633,5.628319410140069e-05,1029080.2857142857
2023-03-02,BTC,21166.54486834697,21291.07129382573,21107.068598586426,21120.167501773547,937730,21198721367,-0.003705594530213241,0.013151056724531903,184.00269523930547,423.9908933513912,21031.53079987518,20581.116827718102,20174.49321267685,20815.972060358807,21548.99510227311,20082.949018444502,4.4235215122915953e-05,1036151.8571428572
2023-03-03,BTC,21307.0789708181,21406.056691204827,21174.498406705738,21335.83366946422,964451,21120167501,0.010211385287193453,0.01189480939388878,285.8891894312801,407.84338669955076,21130.79277819696,20623.88128187047,20194.710738876805,20874.342350929048,21575.481872618715,20173.20282923938,4.566493139575408e-05,1032694.4285714285
2023-03-04,BTC,21527.770802577365,21593.9255391091,21352.77970869274,21420.79116990157,1062962,21335833669,0.003981916139463637,0.011605832390033058,258.0918696448789,414.8889762500195,21195.80799174225,20668.7497194869,20217.22665710237,20920.02192815779,21639.25602992454,20200.787826391035,4.982050462571967e-05,1041846.0714285715
2023-03-05,BTC,21538.97760272035,21691.931904529007,21153.93141461617,21571.64196787004,877942,21420791169,0.007042260800358857,0.011074444283229552,538.0004899128362,421.165271068694,21280.352574148674,20710.21225363072,20248.515884017015,20968.91836273232,21726.682130404188,20211.15459506045,4.098550763477638e-05,1029970.0
2023-03-06,BTC,21689.65985615164,21733.51475471868,21642.44554360088,21710.82677939583,1109877,21571641967,0.006452212202163299,0.00997216643187572,161.8727868486385,408.4968654534267,21350.412619539682,20754.619052462345,20292.785695607945,21009.516304062032,21835.417449932436,20183.615158191627,5.145074267864609e-05,1038637.9285714285
2023-03-07,BTC,21622.264983749094,21678.83381417004,21619.638633371003,21668.560932499964,1093093,21710826779,-0.0019467635813840145,0.00969977312731872,91.18814602482598,386.0610522146705,21423.55556712021,20805.830335025523,20343.35096546755,21061.130707786702,21917.289025275535,20204.97239029787,5.034782927093796e-05,1047557.7857142857
2023-03-08,BTC,21816.330327616008,21884.01914813121,21745.609125346145,21877.18268221342,986985,21668560932,0.009627854399899327,0.008633381693347522,215.45821563124628,369.8087161758085,21477.838443672536,20863.433188381787,20390.78025155286,21105.715851754143,22035.033045484488,20176.398658023798,4.554917158999823e-05,1040072.0
2023-03-09,BTC,22295.5439057454,22533.042077630544,21895.997703633995,22105.371603194035,955322,21877182682,0.010430452782484556,0.008627511892864896,655.8593954171229,372.3042803338103,21552.761700051582,20934.18888561379,20440.789898519302,21183.05470997551,22175.933397873672,20190.176022077347,4.3667505724400935e-05,1023711.3571428572
2023-03-10,BTC,22361.37631535822,22538.40298950357,22221.81453440846,22250.68933366789,1062834,22105371603,0.006573865080506502,0.008254094380358182,433.0313863095362,373.8698316884812,21625.97870077018,21006.81876513765,20494.58606771194,21274.18657650466,22308.981515005096,20239.391638004225,4.8080349839301456e-05,1022666.4285714285
2023-03-11,BTC,22095.12440058969,22097.07253792616,21633.332379035422,22044.99645779573,1177043,22250689333,-0.009244337233225597,0.008789758167376678,617.3569546324688,384.5439733584556,21710.606209777623,21078.73610730272,20547.211683150363,21338.442669710017,22398.07088948599,20278.814449934045,5.289917010590442e-05,1036063.2142857143
2023-03-12,BTC,21863.015630003614,21933.28026679683,21772.736361614137,21871.98750375341,943627,22044996457,-0.00784799191841723,0.0081073987915469,272.2600961815915,357.84122168722024,21785.788209975613,21139.244110231073,20596.39759409589,21408.6595049254,22409.831487559484,20407.487522291314,4.2804588417176534e-05,1031102.7142857143
2023-03-13,BTC,21777.215436742343,21821.602351225047,21655.45702116233,21668.97274117228,1087254,21871987503,-0.009281953116802466,0.008634960818201191,216.53048259108255,331.3310759674413,21819.102117146416,21189.262273001503,20643.609944909214,21474.94744767169,22346.22565532645,20603.66924001693,4.970988575459228e-05,1030837.0714285715
2023-03-14,BTC,21355.18773994404,21655.75427133385,21201.7626276888,21554.58083340438,978655,21668972741,-0.0052790646393010565,0.008571801863540696,467.2101134834811,352.4925285611267,21832.4810834967,21224.174979937427,20687.5583491195,21514.14453761947,22320.097395698318,20708.191679540625,4.516388532568878e-05,1032064.7142857143
2023-03-15,BTC,21115.497654362985,21447.01778373371,21051.660386118787,21236.948837902124,999543,21554580833,-0.014736171301925838,0.008554960125873916,502.9204472855927,349.97659061670623,21799.011770499907,21245.616165321513,20724.527209105796,21539.68217232429,22269.25903797897,20810.10530666961,4.6372648475246736e-05,1016951.2857142857
2023-03-16,BTC,21305.48441345154,21481.72997319333,21194.835122808083,21470.87747214748,1153273,21236948837,0.011015171531037371,0.00893897551980103,286.894850385248,357.3260302699878,21775.01683977507,21264.68314929971,20762.864774689082,21562.714729657375,22249.75905257246,20875.67040674229,5.4305023233408845e-05,1032347.2142857143
2023-03-17,BTC,21160.492326232856,21339.11585304068,21087.869254891983,21329.87564118658,1045767,21470877472,-0.006567120097621171,0.00876294613365126,383.0082172554976,364.2631036860034,21741.14831064373,21287.803242072383,20803.326681374092,21582.351938881973,22214.35614320233,20950.347734561616,4.8706300027270725e-05,1038155.5
2023-03-18,BTC,21377.674288877988,21380.366251302272,21356.793410672137,21379.642624866672,922699,21329875641,0.0023332055243676653,0.008716500048434524,50.49061011569211,349.43444229106143,21691.39430490906,21300.94200280578,20845.270311955665,21584.616374290796,22213.194508519813,20956.03824006178,4.3258526937981786e-05,1028136.7142857143
2023-03-19,BTC,21866.19225728157,21955.01856523497,21771.74294503755,21886.75904137486,1185996,21379642624,0.023719592764303687,0.010685244687640157,575.3759403682961,352.1041173235943,21669.533048727142,21345.214156226048,20896.875291152362,21611.147374389362,22243.899950268395,20978.39479851033,5.547314428299398e-05,1050140.5714285714
2023-03-20,BTC,22077.6817572021,22118.159421756285,21594.224034496423,21739.553852020243,919170,21886759041,-0.006725764608471185,0.010756664273518662,523.9353872598622,377.9657316386817,21618.419500562377,21388.9308845239,20948.121876670833,21622.19910066628,22255.86024388198,20988.53795745058,4.199662445582456e-05,1036518.6428571428
2023-03-21,BTC,21705.265367178054,21999.38429230228,21481.1367093034,21521.4224970258,818986,21739553852,-0.010033846898572452,0.011089790995015076,518.2475829988798,408.4699771368284,21566.062104485383,21414.315814635138,20981.0473944604,21638.334157131503,22242.33247424316,21034.335840019845,3.7672622243103426e-05,1016939.5714285715
2023-03-22,BTC,21594.973244481636,22000.131835231077,21389.72947091618,21807.69099756318,942309,21521422497,0.013301560367440457,0.01138559920416252,610.4023643148976,436.68027347137496,21559.632453866358,21458.98382123905,21017.754229399256,21672.710331920985,22228.903591104037,21116.517072737934,4.378469871735263e-05,1013748.4285714285
2023-03-23,BTC,21969.49599952412,22293.91045716451,21815.656151898216,22229.85493568746,986770,21807690997,0.01935848862547873,0.012242627470562666,486.21945960133235,424.5631351988185,21615.72067331788,21521.871856220416,21061.293327215142,21717.411395232146,22302.55690030144,21132.265890162853,4.5248715241597385e-05,1015994.7142857143
2023-03-24,BTC,22492.0427635771,22597.569951884787,22106.72381269637,22582.802550206925,1135387,22229854935,0.01587718928173687,0.012837444049157735,490.8461391884157,428.6927604044527,21718.542844998134,21582.277306745695,21111.454617391104,21775.511964247413,22459.12192777675,21091.902000718077,5.107487220766247e-05,1021177.0714285715
2023-03-25,BTC,22645.048693671582,22708.16566066117,22089.732180605966,22258.816267571776,909870,22582802550,-0.014346593250100459,0.013221452364011918,618.4334800552024,428.7696550775051,21820.7295879651,21633.36464420456,21150.07562387143,21809.870679232503,22518.93854977273,21100.802808692275,4.029039345251681e-05,1002093.2857142857
2023-03-26,BTC,22259.98345305767,22270.44132545585,22159.798953578465,22209.64822534462,1062284,22258816267,-0.0022089243936475045,0.013023103368663035,110.642371877384,417.2255319129189,21894.606663284812,21673.345374199853,21186.696132089382,21834.811751529942,22564.0165331694,21105.606969890483,4.77241910467134e-05,1010568.7857142857
2023-03-27,BTC,21905.689175035932,22022.99234648688,21673.390992070323,21798.60516339612,1154137,22209648225,-0.018507409832787647,0.013802881846218173,536.2572332742966,440.06315696171987,21941.479615505767,21702.061164423234,21220.023786245216,21841.31396307475,22566.585479787373,21116.042446362128,5.196556867122554e-05,1015346.1428571428
2023-03-28,BTC,21871.044982770192,22034.74680987045,21531.79183645253,21793.410656327287,1011567,21798605163,-0.00023829538770470116,0.013705536234099041,502.95497341792,442.6163612427512,21982.856418651827,21717.363055744474,21252.910057741246,21837.125361780443,22562.492266500954,21111.758457059932,4.640512511860115e-05,1017697.0
2023-03-29,BTC,21830.45354906236,22082.212203792416,21606.34651251677,21798.35016556481,1016608,21793410656,0.00022665150101630616,0.012957567707012688,475.8656912756451,440.6838786706121,21974.015531070825,21732.103426616515,21289.223047327865,21821.77428989898,22536.150102443193,21107.39847735477,4.6647494329673226e-05,1018915.9285714285
2023-03-30,BTC,21939.03147493972,22239.2959831227,21727.33661321397,21797.1532679289,1068605,21798350165,-5.4907716722563116e-05,0.012696511667488228,511.9593699087309,456.75991577943233,21979.775472661688,21741.39122466475,21323.730253727404,21799.09748661203,22484.345676633908,21113.849296590153,4.902228801314423e-05,1012868.2142857143
2023-03-31,BTC,21419.872204627765,21729.24772807213,21230.078522371263,21403.91692722627,986292,21797153267,-0.01804072008252644,0.013573164820259094,567.0747455576384,469.90752494387095,21968.024915681737,21748.231076648248,21354.05906841506,21767.04351008356,22463.740433002244,21070.346587164877,4.5248661048468465e-05,1008620.0
2023-04-01,BTC,21725.48018260723,21741.577629443676,21371.65563500328,21690.66293807589,861989,21403916927,0.013396894214482424,0.01401352238957569,369.9219944403958,492.7240523956355,21956.322109733006,21767.24759119166,21386.737378858517,21757.97728179968,22453.642534253107,21062.312029346256,4.027248857953858e-05,1004283.5714285715
2023-04-02,BTC,21687.47045020503,21860.19064243425,21626.445138370484,21855.523346679496,833530,21690662938,0.007600524201323955,0.012605622577110554,233.7455040637651,468.3218783738833,21918.88895083221,21784.57058043217,21420.47928863092,21767.304812075046,22462.94787717277,21071.661746977323,3.842805553627104e-05,979107.4285714285
2023-04-03,BTC,21403.6730558262,21422.748017710743,21124.46866882517,21147.09713293772,1066967,21855523346,-0.03241405856563062,0.01524813391492199,731.0546778543248,483.1161134163449,21775.31840910529,21775.447445866706,21433.277238783143,21746.93062705171,22490.990680858955,21002.87057324447,4.881910092513417e-05,989664.3571428572
2023-04-04,BTC,20914.21432294137,21016.20735685454,20757.90817102893,20880.3320768214,970930,21147097132,-0.012614736407524196,0.015369633948832164,389.1889619087924,473.89764048133867,21637.46999003025,21752.40378283175,21439.009614791976,21729.099788997675,22538.813620672096,20919.385957323255,4.5913157439031144e-05,1000517.5
2023-04-05,BTC,20674.50920497881,20778.71834822693,20564.881044858303,20602.732489484017,920712,20880332076,-0.013294787952416565,0.014964875915829515,315.4510319630972,452.8296881704958,21476.77841644419,21715.467306501356,21433.08690552563,21685.692539864503,22634.776759594923,20736.608320134084,4.409470101571195e-05,998974.8571428572
2023-04-06,BTC,20307.270996094576,20346.16608569312,20295.59959454813,20330.510438536563,771719,20602732489,-0.013212910039306691,0.013525583026131978,307.1328949358867,440.0377906943925,21329.968943958236,21670.865623369245,21426.971657136226,21635.724279732,22753.86092411032,20517.58763535368,3.745711887547093e-05,983614.0714285715
2023-04-07,BTC,20188.252671093025,20231.45147613743,20165.57560060093,20218.684815765944,977903,20330510438,-0.005500384415270454,0.011947096521637288,164.93483793563428,416.75841203347954,21172.496359902103,21615.582361154327,21411.63575739425,21577.676389276963,22860.241439674894,20295.111338879033,4.810026796829409e-05,972365.2142857143
2023-04-08,BTC,20069.791959712235,20186.097287500663,19959.95403512184,20069.52563884524,877194,20218684815,-0.0073772937399169125,0.011797625397317144,258.73078064410583,391.0653620755441,20999.613907230145,21547.72082900937,21401.854381395824,21486.814719150483,22925.19772967761,20048.431708623357,4.3385314525958696e-05,970031.2142857143
2023-04-09,BTC,19765.433980139805,20035.602611063077,19440.298972733093,19462.136616879463,975096,20069525638,-0.030264244053190503,0.01316886114071295,629.2266661121466,428.1070973780271,20766.1122421252,21454.76907178309,21382.53607367172,21372.943857393442,23065.25494544392,19680.632769342963,4.858590170929281e-05,963803.5
2023-04-10,BTC,19627.837655257204,19821.74809920824,19622.220058289204,19728.391619550795,1096862,19462136616,0.013680666615011328,0.014207839618663887,359.6114823287753,415.48954373906133,20598.559711357655,21377.548910508256,21361.90641418896,21283.292313519694,23125.7942200642,19440.79040697519,5.6358765825241396e-05,959712.4285714285
2023-04-11,BTC,19703.15553615317,19891.42715537552,19386.63491906801,19522.546811729608,1020346,19728391619,-0.010433937636213364,0.014095020016085924,504.7922363075122,415.62077680260364,20381.748098723026,21299.23422077413,21343.004334434634,21169.035104228016,23152.62566066008,19185.444547795953,5.1719674857697276e-05,960339.5
2023-04-12,BTC,19486.05817168423,19495.37072985,19279.25991767391,19350.035636438595,934562,19522546811,-0.008836509752270794,0.0139080655494069,243.2868940556982,399.00800557260743,20131.199327698934,21221.93631728301,21323.14076943848,21025.04413926557,23100.375539212393,18949.712739318747,4.7870905832502344e-05,954479.0714285715
2023-04-13,BTC,19676.49814406233,19849.973974475808,19674.929407441632,19690.14433163638,1147994,19350035636,0.01757664438391604,0.015434720426639077,499.9383380372128,398.14936043892754,19985.5040475688,21159.788433890742,21301.530875382232,20880.411228337045,22901.10546256769,18859.7169941064,5.932774603599185e-05,960149.7142857143
2023-04-14,BTC,20157.65321809251,20362.159200068592,20068.857836704898,20106.27731345319,1158203,19690144331,0.02113407473342921,0.01679449641211954,672.0148684322121,405.6450835013971,19908.098571231978,21122.099383075776,21289.13249877518,20772.784280631116,22712.0101876546,18833.558373607633,5.8821458112754144e-05,972429.0714285715
2023-04-15,BTC,19930.223079220435,20205.81815034049,19745.633827887727,19909.503958422672,1190941,20106277313,-0.009786662740340013,0.01603854995948924,460.184322452762,412.0923926451375,19838.775718125842,21070.05359928495,21267.118051433918,20657.77706728502,22509.03428160122,18806.51985296882,5.9232297528791174e-05,995925.6428571428
2023-04-16,BTC,19915.017085548927,19940.38194236069,19843.03966532597,19857.91932199974,976150,19909503958,-0.0025909553814428277,0.015599944989475728,97.34227703472061,402.3493050002058,19791.516606472163,21020.98838864539,21245.53380874002,20560.7427752152,22363.01903422277,18758.46651620763,4.902934809723199e-05,1006112.7857142857
2023-04-17,BTC,19728.71524554894,19824.818825400667,19611.84353510392,19648.767826891613,913600,19857919321,-0.01053239726260824,0.013821259938313978,246.07578689582078,367.70795564602696,19734.52490758473,20963.292562046216,21211.82208694405,20453.510633743415,22201.36358422553,18705.6576832613,4.6006834111459827e-05,995158.0
2023-04-18,BTC,19157.006419214784,19288.163369715363,19082.245575424487,19260.46889373161,991509,19648767826,-0.019761999153380616,0.014243867521258198,566.5222514671259,380.3746191859079,19653.619233073365,20875.749557124782,21169.90868403061,20326.616570151753,22031.34160480861,18621.891535494895,5.0461637532710695e-05,996627.9285714285
2023-04-19,BTC,19149.380031019533,19294.032767573884,19053.457495120645,19277.042376916517,902244,19260468893,0.000860492196547824,0.01416218142494707,240.57527245323945,375.0263506494895,19635.109809077076,20793.665841287988,21125.0791450393,20200.611025601138,21817.983502990493,18583.238548211782,4.6844342420340056e-05,995308.7857142857
2023-04-20,BTC,19670.93413360879,19989.526973924785,19487.401930014425,19581.321280472028,923826,19277042376,0.01578452221072424,0.01491343055259536,712.4845970082679,403.9800436546596,19620.402775169194,20728.995800736193,21092.73114329432,20109.481243263424,21644.680676314154,18574.281810212695,4.79236379720868e-05,1006173.5714285715
2023-04-21,BTC,19431.86505282681,19782.58730699057,19115.60320261987,19192.197539317323,1004808,19581321280,-0.01987219021541553,0.01560872761191761,666.9841043706983,439.8407055428784,19587.367847927966,20641.81268546133,21054.171744045198,19984.557973325496,21378.086969149594,18591.0289775014,5.1314616906178455e-05,1008095.3571428572
2023-04-22,BTC,18899.652689118226,19050.42208194856,18684.35885877792,18860.486555259544,1026774,19192197539,-0.017283637445802302,0.016012392316429643,507.83868053940387,457.63412696397114,19538.41293981006,20529.500406113737,21004.664801761104,19834.806133754497,21008.073941024533,18661.53832648446,5.349955355104685e-05,1018779.6428571428
2023-04-23,BTC,18737.54709378519,18746.428442144934,18576.326734263886,18587.106924978216,961544,18860486555,-0.014494834450868965,0.014532381831013814,284.15982099565736,432.9864951699362,19428.109199144244,20396.31055193944,20947.99111686263,19706.806623356522,20834.973796186056,18578.63945052699,5.098192971830254e-05,1017811.6428571428
2023-04-24,BTC,18475.218362976862,18615.67641281767,18270.82164504665,18476.23050461439,1077163,18587106924,-0.0059652328257081555,0.013703663991872053,344.8547677710194,431.9324441300965,19265.104518260363,20270.224359840864,20886.08288759752,19586.601544746172,20700.51224062826,18472.690848864084,5.795216030145865e-05,1016404.5714285715
2023-04-25,BTC,18019.563769516248,18163.160818252003,17915.577889562846,18121.225075168983,979695,18476230504,-0.01921416976026269,0.014184377608149947,560.6526150515419,435.9224711832415,19086.276629934997,20133.943588168346,20814.290853512983,19462.52617403042,20650.2438509903,18274.80849707054,5.302461450607588e-05,1013500.9285714285
2023-04-26,BTC,18151.98210081184,18168.20886901437,18063.39242687893,18151.62992414596,1158013,18121225075,0.0016778583595122853,0.014255941297851472,104.81644213543768,426.0317246175086,18915.647690149617,20012.37774686001,20743.952233345903,19353.582148310892,20604.12934311091,18103.034953510873,6.390368174376864e-05,1029461.7142857143
2023-04-27,BTC,18212.91030997992,18287.92509240727,18124.103025723714,18151.013388226194,956744,18151629924,-3.396587096271553e-05,0.012871453877862038,163.82206668355502,402.0234195208187,18765.872246283077,19890.96450458997,20669.42884746616,19250.198576933904,20540.84346685163,17959.553687016178,5.2708434669825304e-05,1015801.0
2023-04-28,BTC,18249.6610880834,18438.53064980526,17846.689125939156,18365.852830750155,1036077,18151013388,0.011836223021207015,0.011551463631436729,591.8415238661037,396.296752051811,18676.410639984933,19776.547926762818,20594.638472017283,19165.014936529147,20452.854875418816,17877.17499763948,5.708094517108182e-05,1007077.7142857143
2023-04-29,BTC,18586.466011877263,18662.31280238676,18207.650687866702,18418.01365756493,899191,18365852830,0.002840098267990143,0.011756475868273036,454.6621145200588,395.90230862804646,18590.50776804977,19663.90993975068,20517.98495849522,19112.808788563423,20434.15145451296,17791.466122613885,4.895993713568269e-05,986238.4285714285
2023-04-30,BTC,18611.69620741784,18768.694233163948,18317.584517639298,18723.3913474824,1001605,18418013657,0.0165803813372698,0.013152756597627368,451.1097155246498,421.17141137732716,18504.71477475081,19574.559087092555,20451.552856288956,19062.55877496,20361.582541068696,17763.535008851308,5.438181438307965e-05,988056.6428571428
2023-05-01,BTC,18878.684200305244,19296.117452534287,18834.203271949984,18888.2001346357,1077086,18723391347,0.008802293563952013,0.013438808234220953,572.7261050518864,444.5035769599032,18474.31503428265,19481.143660311216,20391.8771089066,19030.841441105305,20313.44899847016,17748.23388374045,5.752622375072979e-05,999734.2142857143
2023-05-02,BTC,18919.402379764044,19027.041798493003,18753.89417754549,18970.78026896707,959962,18888200134,0.004372048884633717,0.012608452710241089,273.1476209475113,423.54824620850223,18485.3444056534,19384.9855577208,20337.913259462497,19011.87867273173,20285.800993165438,17737.956352298024,5.082337084474266e-05,997480.8571428572
2023-05-03,BTC,19090.823926367964,19524.31790176001,19056.104159833267,19127.120422829223,1024822,18970780268,0.008241102982880388,0.012844668847596094,553.5376327929371,445.90270051848063,18539.345755438502,19317.653000717182,20289.364051250996,18983.727477291373,20218.833049910292,17748.621904672455,5.402107796950632e-05,1006236.4285714285
2023-05-04,BTC,18918.368859604863,19072.93220547252,18632.744753777257,19018.685985157383,1040203,19127120422,-0.005669145970473299,0.012007367793836715,494.3756690519658,430.32349137874473,18593.5913034928,19255.59813099505,20244.9987941961,18929.347910876582,20046.488871819576,17812.20694993359,5.438366973439239e-05,1014549.0714285715
2023-05-05,BTC,19216.01244912637,19314.01726382289,19164.153247963328,19283.63913330527,902123,19018685985,0.013931201574844065,0.011529069484106667,295.33127866550785,403.77686097123114,18709.83270930643,19211.62835245576,20201.254027419254,18898.05466962071,19931.520958146026,17864.588381095393,4.7433508324996934e-05,1007214.4285714285
2023-05-06,BTC,19201.219328056228,19307.33405510382,19016.14831436552,19202.841362769832,1097355,19283639133,-0.004189964870058738,0.010466156673137115,291.1857407382995,388.30165098543796,18814.953853168816,19174.039383263535,20158.71334185092,18865.30077165922,19808.235510263003,17922.366033055434,5.6906012004865906e-05,1012255.9285714285
2023-05-07,BTC,19282.2326113742,19644.120745592176,19133.02877808136,19225.84191245687,875534,19202841362,0.0011977680413290948,0.009429158655686628,511.0919675108162,404.511090022235,18922.43670559188,19140.944619819893,20115.637327602723,18844.15447593748,19730.37342204987,17957.935529825092,4.559398182253233e-05,1006112.3571428572
2023-05-08,BTC,19258.640084349143,19419.55861708671,19087.075771311105,19402.03123182106,767528,19225841912,0.009164192661442305,0.009254942655525395,332.4828457756048,403.6273813082768,19026.05454569897,19118.694806252424,20065.942771411646,18851.232592841952,19753.566511970188,17948.898673713717,3.992168475706335e-05,983995.5714285715
2023-05-09,BTC,19456.35083213893,19675.3299297586,18980.496746500703,18993.080303174323,1012922,19402031231,-0.02107773788014633,0.009613803496577982,694.8331832578988,413.21170760873093,19083.56121025991,19103.059595795585,20011.01330043473,18837.034489154845,19719.883461205405,17954.185517104284,5.220700801581964e-05,986368.9285714285
2023-05-10,BTC,19331.56807037684,19445.677410162923,19289.645431394358,19313.44640009973,1044211,18993080303,0.016867516580333808,0.010240562813233104,452.5971069886,438.05318366967106,19142.566715521643,19089.22808848055,19966.853778496206,18823.64074513623,19666.152477864176,17981.12901240828,5.49784965546144e-05,978240.2142857143
2023-05-11,BTC,19676.93019246318,19941.667555740503,19363.43997210369,19903.71675328352,948878,19313446400,0.03056266297354071,0.012265458748018685,628.2211556407747,471.2245471666153,19244.11837738643,19101.933753199013,19928.774293610615,18859.21670583454,19819.16085851069,17899.27255315839,4.913043381009409e-05,977678.3571428572
2023-05-12,BTC,19885.758094596666,20041.080435136435,19380.9201233361,19644.32587273218,1052395,19903716753,-0.013032283556212998,0.0132239126240853,660.1603118003368,476.1044605904891,19311.47293776294,19111.743427742138,19877.06371235151,18898.40867170817,19920.559682785428,17876.257660630912,5.2874295442401584e-05,978843.9285714285
2023-05-13,BTC,19613.28628623067,19697.011692581174,19414.779357595424,19566.449773423672,834514,19644325872,-0.003964305001507129,0.013428873108234462,282.23233498575064,463.78804776660996,19355.405872822383,19107.620275801706,19816.736656815843,18947.37581413044,20000.1095776637,17894.642050597176,4.248117270287564e-05,974224.1428571428
2023-05-14,BTC,19521.470502537253,19644.092669983514,19273.523318617285,19441.10142764899,918152,19566449773,-0.006406289706420654,0.01323059511047606,370.56935136622997,458.03516461243714,19397.647417071545,19085.447746274902,19760.38236001739,18995.619360282173,20045.874274106052,17945.364446458294,4.692481317009128e-05,968263.2142857143
2023-05-15,BTC,19390.63400973299,19682.102958415213,19342.982871571778,19511.98939394316,972727,19441101427,0.003646293732789907,0.013121113033250472,339.1200868434353,441.3490204546906,19420.482443135334,19072.19726079225,19706.42918338936,19065.15757622088,20054.019702777823,18076.29544966394,5.003456227274586e-05,960809.0
2023-05-16,BTC,19668.95146778872,19699.8737921752,19456.436340525124,19610.353147545604,815509,19511989393,0.005041195524274844,0.013130052821066598,243.43745165007567,439.2268655048738,19461.23362161291,19063.94505497711,19662.664143072347,19138.093737390864,20055.881835640495,18220.305639141232,4.179527692304748e-05,950490.9285714285
2023-05-17,BTC,19557.62312575399,19774.03329277451,19054.335113764737,19102.60993239558,1005921,19610353147,-0.02589158957668103,0.015006995517665668,719.6981790097743,451.0954759489336,19448.910423606783,19045.73979182725,19608.848128593716,19185.673564599332,19978.104322482595,18393.24280671607,5.129540464975697e-05,949140.8571428572
2023-05-18,BTC,18953.12366083412,19080.92087189655,18931.35713180443,18959.87710049653,1015503,19102609932,-0.007471902132964114,0.01506711418248009,171.25280059114812,428.01527105887516,19404.695010474326,19035.72006538608,19552.07866729235,19215.37477808665,19917.848702620475,18512.900853552826,5.316043219303066e-05,947376.5714285715
2023-05-19,BTC,18953.667120717186,19056.6660428894,18818.556703984483,19003.21707209824,1010643,18959877100,0.0022858782982604353,0.014544342843399737,238.1093389049165,423.9279896474044,19405.70868736672,19026.592555225467,19496.199943375734,19244.63494881332,19849.193709782852,18640.076187843788,5.330430121828163e-05,955128.0
2023-05-20,BTC,19267.09237490863,19779.47205744472,18866.64962490686,19377.50187347792,875935,19003217072,0.01969586517691413,0.015504062934372473,912.8224325378615,468.33061049023024,19412.11423470454,19019.798574992332,19455.671642300767,19277.340475113095,19831.87192307317,18722.80902715302,4.609403748224468e-05,939312.2857142857
2023-05-21,BTC,19311.097578514826,19382.826886593757,19039.291621718858,19260.528175384785,922218,19377501873,-0.006036572663333684,0.015608497628998796,343.53526487489944,456.36227458766473,19347.795376914662,19022.07626286125,19407.068947046948,19295.956877150547,19819.62217655028,18772.291577750813,4.7592202856911574e-05,942646.8571428572
2023-05-22,BTC,19190.82606290628,19204.180924779,19097.689914150906,19167.859390651964,922733,19260528175,-0.004811331438524746,0.015439950651088575,162.83826123387917,444.2448042632558,19300.148728706645,19032.322024040994,19353.315667926396,19305.81083323479,19810.795986337136,18800.825680132446,4.790798007282581e-05,953732.9285714285
2023-05-23,BTC,19306.188477149382,19524.165340105177,19204.923605940567,19413.3074053804,1048937,19167859390,0.012805186522191425,0.014644682968180485,356.30594945321354,420.0642875629211,19284.834491902315,19059.862040054402,19318.63987337525,19320.120182362352,19819.97860944759,18820.261755277115,5.472374241994061e-05,956305.4285714285
2023-05-24,BTC,19345.228522359404,19389.570891342377,19187.78468947189,19360.452429725046,905958,19413307405,-0.002722615706415188,0.014002018620793673,225.5227159085116,403.84468820005765,19276.769592109926,19089.336104224752,19288.242280433322,19337.208504590737,19816.627346558405,18857.78966262307,4.6666854910393356e-05,946430.2142857143
2023-05-25,BTC,19290.56774690424,19514.209048032277,19082.02449330665,19208.71841457833,1061593,19360452429,-0.007837317629713736,0.011062947830007457,432.1845547256271,389.8420738489757,19246.44249417344,19125.585882205065,19260.36199893521,19333.462468654387,19815.805629669652,18851.11930763912,5.483306776497852e-05,954481.2857142857
2023-05-26,BTC,18887.975235270434,19221.288866394032,18653.480790223184,18869.07320604132,918369,19208718414,-0.017681825575580068,0.011466569028091926,567.8080761708479,383.24548558972646,19172.31450002301,19149.500658268244,19231.133254285305,19316.774060817963,19839.547303086532,18794.000818549393,4.781000898689107e-05,944908.0
2023-05-27,BTC,18575.35170774249,18687.920187588865,18337.50745214714,18530.951814882374,1175479,18869073206,-0.01791934280326446,0.01216014824071602,531.5657538941814,401.05501551175723,19115.148688271693,19162.165272490118,19197.378594267633,19282.029555939233,19911.689561551,18652.369550327465,6.229659438844195e-05,969262.6428571428
2023-05-28,BTC,18206.017242268263,18305.225878321835,18029.08703573114,18249.95814034852,996904,18530951814,-0.015163477696174432,0.012523907112050429,501.86477915123396,410.43326035354323,19044.15679225689,19158.302116143397,19160.9872442977,19224.42590136561,20001.417138453435,18447.434664277782,5.3796697007589555e-05,974887.7857142857
2023-05-29,BTC,18183.59906382629,18193.953827728128,18127.6296242596,18169.64456260423,828983,18249958140,-0.004400754079908142,0.012307372552777796,122.32851608892088,394.94814815679223,18960.79954130749,19150.023146311378,19135.137403212193,19183.2541143371,20088.53553412154,18277.972694552664,4.54238302159744e-05,964620.3571428572
2023-05-30,BTC,18056.47411324855,18131.976001940784,17823.82594565984,17907.737463652495,1010081,18169644562,-0.014414541685134452,0.01218320733777279,345.81861694439067,402.2610885349576,18813.823100324946,19122.834683517045,19098.72432009423,19112.968667514742,20179.589543975504,18046.34779105398,5.559167635631595e-05,978518.3571428572
2023-05-31,BTC,17942.80891777041,18118.35647576136,17869.55690591103,18031.630018324708,829741,17907737463,0.006918381226197923,0.011265996037339346,248.79956985032914,368.62547359499723,18690.93328461894,19094.282346306678,19068.90598422613,19019.364330766803,20121.778499657194,17916.95016187641,4.633421735796418e-05,965934.0714285715
2023-06-01,BTC,17947.03503717975,18041.604679248787,17656.197331986616,17912.507352555545,1157049,18031630018,-0.006606317102120229,0.011248156144206552,385.40734726217124,383.9222269286417,18565.398080809297,19059.006582426297,19040.15541854847,18932.773404757972,20098.72469207181,17766.822117444135,6.416774295196721e-05,976044.5
2023-06-02,BTC,17582.760620516965,17807.745575533376,17472.900265688215,17528.579471821442,1002609,17912507352,-0.021433508619290498,0.011991595272011202,439.6070868673305,398.31492321167127,18376.925287453403,19005.721884059367,18996.924121352167,18830.87988967786,20113.961748134665,17547.798031221057,5.597256600082036e-05,975470.6428571428
2023-06-03,BTC,17467.57772141756,17502.261057778844,17217.028905970306,17328.068531653124,1058102,17528579471,-0.011439086692144995,0.009563460956463708,311.5505658511356,355.366932734048,18173.686897646206,18949.36796894256,18941.35994571617,18725.228244878068,20138.15702581919,17312.299463936946,6.0364389581629665e-05,988482.5714285715
2023-06-04,BTC,17168.090042060023,17400.148472236902,17000.551243292495,17226.884968016388,1105364,17328068531,-0.00583928690332125,0.009566579011261888,399.5972289444071,359.37135873901286,17975.503552990012,18880.809496766262,18887.707565908044,18610.973023581726,20122.173391558666,17099.772655604786,6.37903755991326e-05,1001564.4285714285
2023-06-05,BTC,17585.430649759783,17638.987718647277,17568.6680753592,17583.782606109908,1017903,17226884968,0.020717479611441103,0.012255058417041397,412.1027506308892,377.17596512451354,17846.974492996873,18826.840871544264,18842.224831590243,18509.644496509944,20010.431043724504,17008.857949295383,5.9088047658692647e-05,1008362.2857142857
2023-06-06,BTC,17482.563702145722,17503.894145713966,17034.995291914096,17191.721869207777,990394,17583782606,-0.022296723389078954,0.01167265660240429,548.7873141958116,390.9246340346991,17713.051498429413,18759.03687010263,18793.08391243657,18414.10009335055,19996.99874158883,16831.201445112267,5.632428597371616e-05,1004180.6428571428
2023-06-07,BTC,17131.177269368844,17172.723873394953,17100.3676318757,17136.219521221807,966514,17191721869,-0.0032284344993610548,0.011653899849782802,91.3542373320779,381.3411712792396,17601.67763651674,18683.509813082655,18750.598924986374,18322.917214386813,19981.722649321167,16664.111779452458,5.621973222721871e-05,1008506.0714285715
2023-06-08,BTC,17028.78106987355,17337.41896681893,16908.259542267042,17251.33640086301,943753,17136219521,0.006717752389822085,0.012356751510395045,429.15942455188633,381.12509055254384,17509.84682034262,18625.451683005613,18710.084805465303,18235.323180825053,19927.552587712817,16543.09377393729,5.50735825275496e-05,1000088.9285714285
2023-06-09,BTC,17063.679652416547,17222.28356989511,16762.8696869756,16804.943762888408,1114413,17251336400,-0.025875829419932384,0.013046999529800403,488.46671388741015,375.45785038944115,17399.56745026621,18541.834928431897,18654.55725511363,18106.69527529558,19824.27019286691,16389.120357724252,6.459864755753068e-05,1014092.0714285715
2023-06-10,BTC,16792.435266987355,16896.661227188804,16762.59494143685,16879.627547315435,866465,16804943762,0.004444155569979236,0.0131292009148254,134.06628575195282,347.0650312364248,17284.367203165282,18441.031954899627,18608.305855273593,17987.650243892112,19698.527676252987,16276.772811531237,5.156012494128572e-05,992019.6428571428
2023-06-11,BTC,17017.483215289933,17122.763910442955,16798.59266990026,17073.87747773165,1106220,16879627547,0.011507951219404067,0.013707761687301777,324.17124054269516,334.3726356215292,17200.504215682893,18355.350341732945,18572.573673723036,17882.951148246095,19545.3262133526,16220.57608313959,6.553580622083142e-05,999827.9285714285
2023-06-12,BTC,17061.897470125823,17345.288921621166,16988.59645006444,17053.00631622012,1020768,17073877477,-0.0012224031441453453,0.01373865599770613,356.69247155672565,351.11291815494377,17152.946900122763,18271.568893159496,18541.891661547874,17764.93609378808,19300.126715248785,16229.745472327377,5.978536517994014e-05,1013526.8571428572
2023-06-13,BTC,17192.582569715327,17215.594438189197,17115.793665085097,17212.70602868171,978672,17053006316,0.009364900798148001,0.013878816404916764,162.5881219690782,338.0250256567072,17141.410649825622,18197.28904652725,18516.62117202922,17657.548773735914,19012.733251094916,16302.364296376913,5.7389998095629626e-05,1011283.3571428572
2023-06-14,BTC,17205.897516329173,17323.155827892177,17201.025085553876,17239.997063231578,1002975,17212706028,0.001585516798136899,0.013665065758815716,122.13074233830048,328.9772522629909,17142.72185934714,18121.555968836867,18498.99661179047,17559.112706168577,18710.58065574349,16407.64475659366,5.826945503911211e-05,1023657.2142857143
2023-06-15,BTC,16997.747533882237,17082.911916673886,16820.5485868822,17010.700810382856,1127792,17239997063,-0.013300248950607552,0.013911526940077803,419.4484763493783,331.40876148350566,17085.413679774436,18034.90089093144,18476.17802951521,17466.19408638565,18461.975111028267,16470.413061743035,6.541718051799647e-05,1021567.4285714285
2023-06-16,BTC,16978.912634095122,17053.574186304475,16733.231523276027,16835.34154891227,1019655,17010700810,-0.010308761727415128,0.013108624705217425,320.34266302844844,322.88987406644264,17049.775647744882,17959.325278148663,18449.864592728933,17381.41357308715,18279.42488210888,16483.40226406542,5.99419748421288e-05,1022785.0
2023-06-17,BTC,16981.43275457344,17029.495678206415,16752.27450564435,16759.038918918883,1058550,16835341548,-0.004532288802796436,0.012886491157130883,277.2211725620655,320.43777454579475,17012.057587514595,17885.964005429407,18417.728314492306,17306.867612015667,18146.962094980445,16466.77312905089,6.287665723810357e-05,1022817.0
2023-06-18,BTC,16772.82892470559,16951.540125241612,16686.065017922996,16813.460049722762,1140934,16759038918,0.0032472703874710795,0.012923549123906666,265.4751073186162,310.8576230010954,16968.269952400566,17812.97210468356,18385.637242335462,17239.058386371595,18001.251779550195,16476.864993192994,6.80787248948138e-05,1025357.7142857143
2023-06-19,BTC,16968.114880667796,17021.37133919613,16682.74167581277,16932.508922317338,824140,16813460049,0.0070805695105296,0.011548279439405106,338.629663383359,305.60954534055753,16981.02646834346,17731.47233964487,18349.81959383216,17190.296959304836,17894.980013256456,16485.613905353217,4.901668054036365e-05,1011517.5
2023-06-20,BTC,16861.36075202218,16908.873471465824,16634.668101224284,16715.917379099494,908134,16932508922,-0.012791461927557202,0.010538329051335856,297.8408210930538,287.6847958332177,16964.655451521867,17646.651979768696,18306.373938721437,17124.511327343578,17738.280727459987,16510.74192722717,5.36325717696852e-05,1005641.7857142857
2023-06-21,BTC,16392.68531190878,16590.609911059673,16217.188816289026,16571.92436158934,1068262,16715917379,-0.008614125940236694,0.010685823003636123,498.72856281046734,316.782961938817,16914.460139907635,17560.12081213328,18258.396820573882,17057.482177795264,17597.256525317534,16517.707830272993,6.39068724604995e-05,1012909.5
2023-06-22,BTC,16735.04552493906,16770.85665543849,16726.767750610405,16753.812386969777,1067481,16571924361,0.010975673157308297,0.011018723695167161,198.93229384914957,300.33816688862146,16884.540746982602,17471.470978186255,18210.93065985669,17018.743823552682,17526.413862328893,16511.073784776472,6.44150297060362e-05,1021747.2142857143
2023-06-23,BTC,16949.34661960847,17224.113928148046,16683.24860018855,16778.726492113256,1007396,16753812386,0.001487070797262513,0.008632228254290959,540.8653279594946,304.0809250366275,16841.142793325755,17385.41344693253,18166.13146999581,16991.27672157569,17487.801451402815,16494.751991748566,6.0129359025281374e-05,1014103.1428571428
2023-06-24,BTC,16674.17144752293,16766.792654723475,16567.892425131402,16579.397346780082,1118901,16778726492,-0.01187987332810192,0.009066154722818845,210.83406698185354,309.56433798162044,16775.082821680604,17297.769411339254,18112.046634265305,16958.902340513872,17474.80139172151,16443.003289306234,6.668569277492457e-05,1032134.2857142857
2023-06-25,BTC,16517.48999838596,16711.334339953224,16386.026221051277,16436.089808849407,1104853,16579397346,-0.00864371212856585,0.008465857384491396,325.3081189019467,309.6455435787098,16717.62172152726,17216.66996476619,18056.711603186897,16901.51770065085,17378.61834247004,16424.41705883166,6.66401182710396e-05,1032036.6428571428
2023-06-26,BTC,16345.325933346225,16448.78070189421,16312.157504194289,16393.166854136347,848425,16436089808,-0.0026115064600066296,0.008455565234499706,136.62319769992246,293.9263097317953,16673.40425204967,17145.410466074656,18000.058102020488,16861.58994989728,17369.119876339737,16354.060023454822,5.161963763346212e-05,1019726.4285714285
2023-06-27,BTC,16255.446207195766,16282.21857393923,16196.514521208495,16207.614474851534,1058380,16393166854,-0.011318885541508061,0.007962648614713795,196.6523329278516,296.359467657422,16618.26180764293,17077.332343891423,17936.1697668811,16815.15969757876,17383.200398218934,16247.118996938587,6.456226606037082e-05,1025419.8571428572
2023-06-28,BTC,16253.946435297255,16308.308862790962,16146.907001964297,16160.94682688128,1201020,16207614474,-0.0028793656242667165,0.007798278459435523,161.40186082666514,299.164547549448,16553.010485358787,17010.375752700656,17879.527097355236,16760.640218879675,17360.812215467475,16160.468222291875,7.410220683165048e-05,1039565.9285714285
2023-06-29,BTC,15878.365078399258,16078.010161579194,15737.98431990921,15906.59488409309,904931,16160946826,-0.015738678278744977,0.008031812387512643,422.9625069720696,299.41554973678313,16450.41908153636,16943.67100004868,17811.390067035103,16715.72277493991,17426.254024006594,16005.191525873226,5.599492466271419e-05,1023647.2857142857
2023-06-30,BTC,15824.260551681116,15859.673340231724,15821.661749816432,15839.92960995286,1118839,15906594884,-0.004191046206054927,0.007871046994172595,84.93313427665817,282.6005833973695,16362.820304621699,16870.61431976962,17730.11432416849,16663.73787807178,17469.52744429455,15857.948311849013,7.033805840654237e-05,1030731.8571428572
2023-07-01,BTC,16030.900248858416,16085.9078866058,15818.67119964352,15969.85553541042,886818,15839929609,0.008202430734030708,0.008550527073435664,267.23668696228015,281.8874058545277,16302.613422003804,16805.85925919811,17656.624917422054,16608.53678095572,17446.63926315813,15770.434298753311,5.5986233644379576e-05,1018465.2857142857
2023-07-02,BTC,16063.108023037516,16120.821499698874,15968.230499540125,16098.021616299373,1110870,15969855535,0.008025500331218849,0.008923720933633571,152.591000158749,273.82425534310863,16237.034344936765,16758.173997347374,17587.25635427957,16560.78754595968,17401.08169087656,15720.4934010428,6.956042886959028e-05,1016317.8571428572
2023-07-03,BTC,16163.318024122624,16278.886881658083,16082.110826056149,16215.946244377195,1085744,16098021616,0.007325411214408106,0.008945345507083324,196.7760556019348,263.6918547872926,16180.75632016316,16721.103254438178,17522.753250614132,16510.949556744457,17305.42906185519,15716.470051633723,6.744580333529103e-05,1035003.8571428572
2023-07-04,BTC,16440.076403375668,16546.72480453166,16412.602063287723,16457.549122663488,1014671,16215946244,0.014899092204999631,0.009657865781477456,330.7785601544638,266.0445504345362,16168.571497751498,16695.45872625975,17461.66444518854,16471.827159716053,17188.386056528445,15755.26826290366,6.257242005691987e-05,1042613.6428571428
2023-07-05,BTC,16344.067685601116,16424.96355040499,16275.708204950137,16351.450476859802,1040041,16457549122,-0.006446807177235114,0.009544317521389808,181.8409177133508,243.409718641885,16160.107564552538,16654.38098861808,17396.486391774826,16438.864643039902,17110.280160182556,15767.449125897247,6.319537570814246e-05,1040597.8571428572
2023-07-06,BTC,16382.697946328815,16390.30550574994,16159.916822247473,16305.98456151765,1074625,16351450476,-0.0027805432555658705,0.008913375862262042,230.38868350246776,245.65660361712202,16151.389335290669,16624.856411695077,17340.553884357265,16412.39679367017,17059.29164761798,15765.501939722357,6.572046936002963e-05,1041108.1428571428
2023-07-07,BTC,16549.78083923576,16585.136206284606,16505.662342997708,16548.67888907318,959862,16305984561,0.014883757962600663,0.0099619910967717,279.15164476695645,226.96276910336928,16185.495776712833,16605.271723956786,17292.3299201288,16401.878792177886,17031.65669818125,15772.10088617452,5.8865626691181804e-05,1037712.8571428572
2023-07-08,BTC,16532.90873742283,16579.0391116362,16432.405762253413,16447.437107013004,1018660,16548678889,-0.006117816578520063,0.009587207612701275,146.63334938278786,222.37700356057888,16214.144804726006,16578.475080828455,17241.214320827094,16383.577645042393,16983.564274803306,15783.591015281481,6.15553668563301e-05,1030552.7857142857
2023-07-09,BTC,16476.30989697823,16543.617657464318,16445.60260372055,16515.014129048952,959533,16447437107,0.004108665781560328,0.00935992851104261,98.01505374376939,206.14178462070907,16274.98672922159,16568.81075970047,17183.964565938517,16362.702905378977,16908.916416268807,15816.489394489148,5.833936276866044e-05,1020172.7857142857
2023-07-10,BTC,16536.974089521656,16652.752887283496,16339.349538138653,16353.68524473219,847681,16515014129,-0.009768619212562002,0.009724414157546185,313.40334914484265,218.76893829534623,16326.362292699527,16551.27934961436,17125.82770732546,16344.591298660609,16864.898686617664,15824.283910703556,5.132790038075056e-05,1020119.6428571428
2023-07-11,BTC,16413.71999396899,16500.02421795574,16392.211716759615,16475.271267413522,796475,16353685244,0.007434778208202042,0.009348740803055608,146.33897322354824,215.17512688789597,16376.903865899836,16531.325809270424,17071.975944860693,16339.75864395182,16852.921957860817,15826.595330042823,4.8703089738884304e-05,1001412.1428571428
2023-07-12,BTC,16383.800639315425,16692.005663284956,16146.56092864165,16235.808680372864,780119,16475271267,-0.014534667329835771,0.010219448518926883,545.4447346433062,242.60676073194176,16390.682572307185,16504.085888075515,17008.425970360542,16313.858458621975,16789.982610463707,15837.734306780245,4.7350904720007846e-05,971347.7857142857
2023-07-13,BTC,16341.120034709542,16502.457367050436,16157.796658412084,16251.978480629468,1131054,16235808680,0.0009959343926091435,0.009107440749048571,344.66070863835193,237.01377513667623,16394.285795932414,16472.061636473776,16946.256491378634,16287.521058047783,16710.704770195167,15864.337345900401,6.966416162524033e-05,987499.4285714285
2023-07-14,BTC,16357.64903615211,16373.871875877714,16055.58263736689,16182.132655530637,892991,16251978480,-0.004297681367353534,0.009112676184442708,318.28923851082436,253.68206829625953,16366.744149219125,16436.799489550413,16885.72477619768,16267.657823485313,16669.934278123634,15865.381368846995,5.494660241514176e-05,971367.4285714285
2023-07-15,BTC,16327.43016997164,16361.157280151352,16211.363051935816,16216.0267578527,933087,16182132655,0.0020945386522015497,0.008914587951689154,179.02462462071526,247.38120670043347,16353.201777318416,16410.310354466073,16832.663847233904,16256.654670935477,16651.50312666628,15861.806215204673,5.766155919576473e-05,974672.3571428572
2023-07-16,BTC,16013.076789940902,16244.267924657135,15999.92185866106,16236.49611389528,1111729,16216026757,0.0012622917036484438,0.008692668319959851,244.34606599607469,253.93513997452814,16346.25293255618,16390.348839965507,16786.774733214163,16248.821133923422,16638.448133537437,15859.194134309406,6.855742264485954e-05,974733.7142857143
2023-07-17,BTC,16280.28096862942,16317.734802730927,16165.062890055326,16294.0375612882,1072254,16236496113,0.0035439572053772572,0.008526349445342392,152.67191267560156,250.78484405121864,16320.788799777682,16374.84879471115,16747.656321632956,16253.142288245257,16642.762017425917,15863.522559064597,6.603974112009816e-05,973770.1428571428
2023-07-18,BTC,16398.763049195964,16616.727623174775,16366.536008235113,16565.822959424106,1070900,16294037561,0.01668005226535252,0.008769502795129143,322.69006188657477,250.20709417494086,16332.627385018792,16366.594225034527,16715.57988956935,16273.3860948724,16684.325903088677,15862.446286656123,6.572342772568622e-05,977786.5
2023-07-19,BTC,16395.076122698207,16403.23537983878,16333.598204264088,16363.563491418028,924260,16565822959,-0.012209442808937765,0.009243300094012091,232.2247551600176,253.80593970684563,16317.4823212557,16347.629377337884,16684.696410124667,16296.234525238648,16670.483219228907,15921.985831248388,5.579318348913426e-05,969516.4285714285
2023-02-19,ETH,1456.0979151712097,1457.0252805433763,1449.2256960373911,1453.9180182684222,313921,1464577279,-0.007278046262405913,0.012656259596122146,15.351583425833041,31.316082352581002,1527.6230144661818,1544.9868759091576,1525.3793695334143,1555.0524298287032,1648.7556271253013,1461.3492325321051,0.00021434239387787198,365165.5
2023-02-20,ETH,1454.628403634626,1455.2188619043932,1444.4170331526348,1451.0167451647833,233709,1453918018,-0.0019954860364783666,0.011086241842002518,10.801828751758421,29.74621962830682,1513.5145664948311,1542.4469111216401,1524.3244197387237,1550.2982855895377,1654.9255507599887,1445.6710204190867,0.00016074427657309628,353544.14285714284
2023-02-21,ETH,1467.6950178941174,1472.1113711949272,1463.6541126596228,1465.657388216272,375137,1451016745,0.010089920119995544,0.011226391469923621,21.0946260301439,29.392131719014873,1503.989568421083,1540.4683665544794,1523.8083383798057,1546.657496168672,1657.8772864231305,1435.4377059142134,0.00025853388756033965,354372.5714285714
2023-02-22,ETH,1455.1279990509745,1468.1502942302257,1450.8361036990366,1462.3941898444452,424774,1465657388,-0.0022264400930684936,0.011227520929291962,17.31419053118907,30.25535799049385,1495.384788915011,1538.5955513695876,1523.0051552549003,1542.0517254069532,1659.36474346443,1424.7387073494765,0.0002898180730898073,363173.78571428574
2023-02-23,ETH,1465.896294330419,1477.3598618908582,1433.3138814686838,1440.7142319736613,176217,1462394189,-0.014824975387169759,0.011392011606917343,44.04598042217435,30.51991625720455,1482.7561792225758,1537.1258214831323,1521.6479145000067,1535.4130799473626,1660.0352921416998,1410.7908677530254,0.00012049897443896367,343242.4285714286
2023-02-24,ETH,1449.8451456962086,1455.844591823544,1447.158761568396,1447.3640823142664,287017,1440714231,0.004615662282654975,0.011820259554292561,15.13035984988278,28.235251053315714,1473.732500895921,1535.2880380505262,1520.4289049660802,1528.1732304917632,1655.704269407174,1400.6421915763524,0.00019921854995544916,335102.14285714284
2023-02-25,ETH,1465.0882776220774,1488.8724703556404,1442.57063322658,1460.6702989817702,326775,1447364082,0.009193413620039337,0.011912019437310689,46.30183712906046,28.919074737703323,1465.1182797465021,1533.0912911674136,1519.8136546639655,1522.2024291676692,1650.6780708699457,1393.7267874653926,0.00022577249502312853,328971.0
2023-02-26,ETH,1459.3807893221708,1497.028571816248,1447.6521170685528,1468.795095977908,463911,1460670298,0.005562375713261014,0.012168893680222604,49.37645474769511,29.51268960342234,1459.8184199093896,1530.70523852841,1519.699074018909,1515.3758016315023,1639.6962191479415,1391.0553841150631,0.00031760144683930583,323252.14285714284
2023-02-27,ETH,1483.1361756042747,1499.510727743906,1478.646939695061,1490.7142817417075,246585,1468795095,0.014923242747625132,0.01248144456281173,30.71563176599807,30.313779152769744,1460.5821611946462,1528.6995876920514,1520.0998809204973,1508.9337249539856,1623.4934292529165,1394.3740206550547,0.00016788250508148654,316636.21428571426
2023-02-28,ETH,1485.0625703607625,1488.0858660892482,1476.424244828779,1479.0674259478103,198524,1490714281,-0.007812936346386468,0.011773615982785446,14.2900369129286,28.609978225761292,1462.0311758431046,1526.0534408670987,1520.1730026166013,1502.0923769728017,1605.562667481851,1398.6220864637526,0.00013317374263485706,310090.35714285716
2023-03-01,ETH,1470.3917477146877,1473.2962893721651,1459.230879617115,1470.4882218497578,303345,1479067425,-0.005800414468971726,0.011522873401947957,19.836546330695228,27.221731176112907,1463.6881962012383,1524.597685286215,1519.9905537906534,1495.65560533371,1589.227617314761,1402.083593352659,0.0002050920700927478,307494.78571428574
2023-03-02,ETH,1473.926016146985,1496.8587668604782,1469.0490863220884,1483.8704721065285,383352,1470488221,0.009100549095141242,0.011371088863823006,27.809680538389784,27.03995595754426,1466.9735688954129,1522.5233800248295,1519.926207298249,1490.244067695122,1572.118315067068,1408.3698203231763,0.00026069708993609134,315053.0714285714
2023-03-03,ETH,1466.470558623004,1484.5590051782829,1456.278619025063,1476.941697597676,494654,1483870472,-0.004669393076483508,0.009185872740088754,28.28038615321975,26.01864773815159,1468.1019998335532,1520.4723307236322,1520.0438595893238,1486.045784127318,1560.980496798886,1411.11107145575,0.0003333538939778835,327369.21428571426
2023-03-04,ETH,1466.529083526973,1467.3469532704378,1458.3410569736836,1459.9198170930729,307600,1476941697,-0.011525086286269914,0.009091833393966325,18.600640623992376,25.63927022949721,1467.8545625584159,1517.3193377907742,1519.2958571445945,1481.6196757367134,1551.31030728609,1411.9290441873368,0.00020826820762444762,323965.78571428574
2023-03-05,ETH,1445.456502584918,1454.5544021758171,1432.2311672436629,1442.2849034603687,308127,1459919817,-0.012079371364256186,0.009462790578553579,27.688649849410012,26.520489259752708,1468.0116297070867,1512.9459298672707,1518.388412292099,1475.3839044648312,1534.4100291109203,1416.357779818742,0.00021105748165893963,323551.9285714286
2023-03-06,ETH,1431.676466137966,1449.3733212269913,1416.052435968836,1446.9468217056174,360913,1442284903,0.003232314388137647,0.009503659657371464,33.32088525815516,28.1289932959239,1467.9699036462216,1508.1054548765826,1517.2621596249162,1470.8512022710715,1523.3191488726713,1418.3832556694717,0.00025023696722422116,332637.9285714286
2023-03-07,ETH,1439.221440933317,1459.4733594634142,1438.1708559701626,1456.1082731650504,378007,1446946821,0.006331574403428242,0.009241357591050539,21.302503493251606,28.143841686145883,1467.5137010645499,1503.972853133296,1516.2752050467157,1466.315990405526,1505.010683170716,1427.621297640336,0.00026124456995506957,332842.9285714286
2023-03-08,ETH,1489.8802224786846,1495.740187179302,1487.0189206746545,1488.1327440016744,269088,1456108273,0.021993193381845355,0.010981690579064762,39.631914014251606,29.73796479207892,1469.4474658669264,1500.0663563766439,1515.7555729493956,1464.6329428881581,1495.2532614008244,1434.012624375492,0.00018479944451218705,321722.5
2023-03-09,ETH,1495.629005048701,1504.3394879504544,1479.6168855996402,1488.5203947936093,211025,1488132744,0.0002604947666782209,0.009971081183994134,24.722602350814213,28.357723501267483,1469.2280771721166,1495.6985090266962,1515.3961143969127,1464.9051191833812,1496.3026346939507,1433.5076036728117,0.00014180522594562303,324208.78571428574
2023-03-10,ETH,1461.1881033246707,1468.610812159438,1445.065841739201,1459.2068175527386,84710,1488520394,-0.019693097483515,0.011544318174056005,43.45455305440828,30.38088015873359,1467.2420163326094,1490.4755900927378,1514.2296290416461,1464.636596087857,1496.1376068507825,1433.1355853249315,5.690886086710882e-05,309758.28571428574
2023-03-11,ETH,1471.4105103355007,1471.8705744535914,1467.7127727236098,1471.2528288858718,299844,1459206817,0.008255177530855917,0.011493481279593458,12.663756900852832,27.978160142433044,1467.3184770362209,1486.2098959012135,1513.1934601929863,1465.5033366187295,1496.7151826110087,1434.2914906264502,0.00020548423739991342,307834.64285714284
2023-03-12,ETH,1472.4567456383622,1473.9128530075136,1458.923741967033,1471.9351400844855,270972,1471252828,0.0004637620300314005,0.011403791250080238,14.989111040480566,25.521921306203435,1466.1249438340164,1482.2043597414201,1512.08784921887,1466.5492563647147,1497.1123218634677,1435.9861908659616,0.00018417772584223709,294053.28571428574
2023-03-13,ETH,1480.30222300622,1489.1780279941404,1472.795269074825,1479.3971961927973,276364,1471935140,0.0050695549722954425,0.010708948906594653,17.242887909654883,24.559582459321778,1466.3704936935287,1479.4873539827215,1511.175518638104,1467.2362467635407,1498.3280112277178,1436.1444822993637,0.00018775555558786375,296180.35714285716
2023-03-14,ETH,1487.3343077758764,1500.697530313436,1486.915159753997,1495.7492744422236,299088,1479397196,0.011053203488223584,0.010901989878892389,21.30033412063858,25.060317974158206,1469.9534394284437,1477.7309303006234,1510.7189312191244,1468.90400099343,1502.388431882636,1435.4195701042238,0.00020216882985088475,303363.5
2023-03-15,ETH,1492.3816468929538,1495.330278463778,1455.5962654370446,1485.9852280290977,269985,1495749274,-0.006527863044939131,0.0109378335770842,40.153009005179,26.511493879478476,1474.3234718853166,1475.0304269383264,1510.74251320836,1471.1675507962016,1502.6915295303256,1439.6435720620775,0.00018050150830292163,300980.64285714284
2023-03-16,ETH,1486.1390664306844,1505.6347771672324,1470.3099961818305,1483.293069153875,269477,1485985228,-0.001811699621532159,0.010687117834829793,35.32478098540196,27.048286768550774,1477.9580966301423,1473.2201670574282,1510.3584228855884,1472.964000138182,1502.8277057856587,1443.1002944907052,0.00018134567889526826,292846.71428571426
2023-03-17,ETH,1490.8246034857027,1491.6294761109257,1463.953848037361,1477.961641985789,235347,1483293069,-0.0035943181283299985,0.010654603539865725,27.675628073564667,27.005089762861125,1480.1434335122162,1470.925138107756,1509.3862016158012,1473.8285672883828,1503.1906845037965,1444.466450072969,0.00015866520576319096,274324.78571428574
2023-03-18,ETH,1464.0786251755517,1466.1881802804096,1446.3677430157425,1458.6482472057382,359992,1477961641,-0.013067588651422102,0.010791187426619797,31.59389897004644,27.933179644722127,1477.1949838326225,1468.8202898696463,1507.7516330569558,1473.3212248497746,1503.3916492508665,1443.2508004486826,0.00024357330394341405,278067.0714285714
2023-03-19,ETH,1444.5501635479925,1450.5766890835373,1434.6020268128748,1450.4946802341196,293734,1458648247,-0.005589810283074037,0.010363691560495422,24.04622039286346,27.67300611211166,1473.3924123766735,1467.7342169144788,1505.7438505249886,1471.3102447743952,1501.8587270561595,1440.7617624926309,0.0002013741151124833,277039.0
2023-03-20,ETH,1452.6510937920757,1457.5477768385413,1443.7404932907982,1453.2973611963553,269753,1450494680,0.0019322242269672607,0.010342698021438734,13.807283547743054,26.279177418510795,1472.8014667410353,1467.3582196389166,1503.640761134988,1470.0217415368224,1501.3563758450382,1438.6871072286067,0.00018597310539601565,270527.5714285714
2023-03-21,ETH,1453.525335794005,1464.1176354127394,1431.2239165327676,1451.7461707821296,391243,1453297361,-0.0010673592725364278,0.010202308842181667,32.89371887997186,27.1071213747051,1470.850800930661,1467.2858247227066,1502.3924667651054,1469.084638983441,1501.464123612339,1436.7051543545429,0.00026921056247620887,271473.0
2023-03-22,ETH,1414.669718501395,1427.887259359626,1395.332899466266,1407.3050697288738,277523,1451746170,-0.030612170328173205,0.01106416544947269,56.41327131586354,28.305789753391668,1464.3877938951,1465.8287688748428,1499.6165755607208,1465.2563688645582,1507.0201876101776,1423.4925501189389,0.00019116496102069964,272075.5
2023-03-23,ETH,1424.3026313595028,1428.812686058471,1411.7880887302051,1411.9758915651246,376219,1407305069,0.0033189831662800984,0.011182694867434995,21.507616329597113,28.076147894733303,1457.6456634323326,1464.039385653138,1497.0866298593517,1462.0080785629307,1509.6388143231009,1414.3773428027605,0.0002673329388824933,283875.0714285714
2023-03-24,ETH,1403.835703694498,1440.2096804894525,1396.1673291004804,1419.7436460119925,339180,1411975891,0.00550133645572215,0.010412587235261495,44.042351388972065,28.118133490059286,1450.0451005893096,1462.6177008587229,1494.3913106780153,1459.9992700088765,1511.2519533989841,1408.7465866187688,0.00024021656613398932,302051.5
2023-03-25,ETH,1405.629885933767,1406.0647737241943,1378.0773191576643,1401.7087246487672,506055,1419743646,-0.012702942121899818,0.010345782668822927,41.66632685432819,30.18974562959324,1441.6174502512763,1461.3175172812266,1490.955742347681,1457.9704610682966,1515.0560772243052,1400.884844912288,0.00035644110922825007,316780.85714285716
2023-03-26,ETH,1401.3259945362313,1414.4041210454018,1395.1141651211192,1409.3377506443876,211519,1401708724,0.005442661418499695,0.010572008938921566,19.289955924282594,30.4969488355791,1434.2219184003277,1460.0499728922307,1487.2992759320434,1456.090007515235,1517.0508124443918,1395.129202586078,0.00015090082295870765,312534.21428571426
2023-03-27,ETH,1376.884972687782,1383.0113639955505,1364.8397023365037,1379.1047573678647,72362,1409337750,-0.02145191474697916,0.011353090489724703,44.49804830788389,32.44374600688117,1424.3362299385353,1457.3311215051006,1483.2796445701276,1452.2398317253758,1522.2508009230871,1382.2288625276644,5.134468299029101e-05,297962.64285714284
2023-03-28,ETH,1369.8775433987544,1384.1229641841442,1361.581352120566,1367.3220384867182,482600,1379104757,-0.008543744641730355,0.010397223285249377,22.541612063578214,32.532408717091144,1415.2036090666334,1453.948686255394,1478.5195324058375,1446.199296449628,1523.6253415935853,1368.7732513056708,0.00034993715854465725,311070.64285714284
2023-03-29,ETH,1366.1141098407015,1378.7007967680613,1346.8441412954276,1375.359598768558,421447,1367322038,0.005878322776641243,0.010896762944203588,31.856655472633747,31.939812036195057,1407.6901009200772,1450.103530156289,1473.6356080753678,1440.5412566483753,1521.4078567814797,1359.674656515271,0.0003082280459813667,321889.35714285716
2023-03-30,ETH,1393.263222543438,1415.019183763331,1392.8173205048165,1396.1513521266245,224658,1375359598,0.015117321591155086,0.012194210175863422,39.65958499477301,32.24944089400727,1401.975500013104,1447.3396610289162,1469.2407474064705,1437.3884833770699,1520.0869772279707,1354.689989526169,0.00016334491745045428,318688.0
2023-03-31,ETH,1397.3889941909622,1421.4538297926183,1394.189212885914,1396.5010347201498,309004,1396151352,0.0002504618091676569,0.012253158949443477,27.264616906704305,32.22008295351725,1396.4509864069062,1444.8734214579295,1465.1862950082414,1433.6508936687837,1516.6614094631457,1350.6403778744218,0.00022132557444961025,323949.21428571426
2023-04-01,ETH,1391.3993154760203,1393.968955987644,1372.6554095049069,1380.1088255472582,202838,1396501034,-0.01173805730561206,0.01218218052278997,23.84562521524299,31.666634828174146,1393.7313619887445,1441.4146999059535,1460.946447021621,1429.0595779419223,1513.3029698891228,1344.8161859947218,0.00014524729668048353,312723.9285714286
2023-04-02,ETH,1389.4972280840575,1405.5850332203272,1383.224903404393,1385.4250429053077,256394,1380108825,0.0038520276514726337,0.0123403348866385,25.476207673068984,31.768776776760255,1391.076277122763,1438.3641447495415,1457.4368005006522,1424.3609702775477,1507.2547726224404,1341.467167932655,0.0001857781034042732,310056.78571428574
2023-04-03,ETH,1401.8520851987776,1411.9307471759414,1387.8889699457343,1402.9069923119548,224320,1385425042,0.012618473656277107,0.012995421264078898,26.505704270633714,32.6758068283953,1389.392611752759,1436.4637172568373,1454.526100648788,1419.7188561710343,1495.90707939505,1343.5306329470186,0.00016191420914131276,306811.5714285714
2023-04-04,ETH,1385.334333472548,1392.2951188165407,1381.4390564577216,1389.848529085573,207437,1402906992,-0.00930814608376973,0.01311463287546904,21.467935854233247,31.859679469413972,1388.2065921964397,1434.7158381110107,1450.983064652539,1414.9120212238581,1485.4154091341338,1344.4086333135824,0.00014786226113555504,293682.5714285714
2023-04-05,ETH,1396.1846785801306,1426.4121096105405,1387.199975643693,1425.6267034820478,392784,1389848529,0.025742499018950094,0.012636357543196013,39.21213396684743,30.631026801627108,1389.8354874802058,1434.0051675035586,1448.7435814105638,1412.0287029402666,1475.0800985520575,1348.9773073284757,0.00028260921374116156,301915.5
2023-04-06,ETH,1446.3783922287196,1472.4026675073078,1435.5912840844103,1459.75716980782,359342,1425626703,0.02394067552355028,0.01405044880385084,46.77596402526001,32.43590877988874,1397.9007287242014,1434.1267973916508,1447.002474597201,1411.1184793313682,1470.5859525792341,1351.6510060835024,0.00025205897114849424,300710.0
2023-04-07,ETH,1454.4297461719084,1466.6354612064374,1439.2337304633274,1451.2741876781138,103364,1459757169,-0.005811228268070789,0.01418741546393534,27.401730743109965,31.24729301947002,1406.2959436433407,1432.898178847532,1445.5920844637826,1410.7497763549868,1469.0565693504923,1352.4429833594813,7.080903741737335e-05,283866.0
2023-04-08,ETH,1459.6834881705545,1461.839430833029,1452.6213769695178,1454.4416705815006,266854,1451274187,0.0021825530490930944,0.013572395951864933,10.565243154915152,29.025787040940518,1414.204150824635,1431.7622213737952,1445.0193804976298,1410.947125872356,1469.844065869444,1352.0501858752682,0.00018387566070587045,266780.21428571426
2023-04-09,ETH,1458.912721692595,1470.8136156619112,1446.3591645041224,1467.4234950089767,241692,1454441670,0.008925641151553254,0.013657666124107574,24.454451157788753,29.39467955761953,1421.3313651128703,1432.0361106223363,1445.0763048085448,1411.653432562987,1472.9775855721457,1350.3292795538284,0.00016617510690545602,268935.4285714286
2023-04-10,ETH,1479.71408690349,1491.753711854541,1461.7543318422845,1483.608600501842,285995,1467423495,0.011029607708963551,0.011824788760745,29.99938001225655,28.35906039364615,1430.0421216910395,1432.4479696762023,1445.670116453213,1413.2465540489727,1480.340288307685,1346.1528197902605,0.00019489602079732273,284194.9285714286
2023-04-11,ETH,1493.443164014907,1510.9683291210238,1490.7397099210536,1510.6582191196287,170316,1483608600,0.01823231451249141,0.011577035240837476,27.35972861918185,28.703211576189265,1443.0970610482766,1433.7387389773735,1446.8629459323101,1418.4142115185105,1498.2852802166399,1338.543142820381,0.0001147984717802256,261888.92857142858
2023-04-12,ETH,1509.2325845211922,1510.5289134338373,1496.9672108984148,1499.862788536252,357791,1510658219,-0.007146176710750574,0.01219873552761201,13.691008221213906,27.405665343944992,1454.5408356113708,1434.420925388822,1447.5470539387097,1422.808556367067,1510.4781568987682,1335.1389558353658,0.00023684444005927724,257342.07142857142
2023-04-13,ETH,1518.435335541429,1518.758330679016,1513.745905950309,1516.7049793124995,470221,1499862788,0.01122915436330274,0.012025028922027775,18.895542142763816,25.922519425944333,1465.9206343114256,1435.119448884498,1448.6332697280707,1427.6566230320923,1524.8221076244113,1330.4911384397733,0.0003135093448294818,274882.28571428574
2023-04-14,ETH,1487.9000764710584,1489.0670275590328,1460.9486260343745,1485.505070443234,362354,1516704979,-0.020570848843265432,0.013927844769483472,55.75635327812506,27.95764345247439,1475.4862884471916,1435.1034436316359,1449.5290864974622,1431.8464403218156,1531.4957540387636,1332.1971266048677,0.00023890869023118042,278693.0
2023-04-15,ETH,1504.6644130013144,1514.793533228835,1502.5811150826398,1502.6950767259495,177570,1485505070,0.011571826057508172,0.01321052689019527,29.28846278560104,28.34641756464282,1483.1931257715817,1435.7501772173719,1450.635706385696,1436.5143066258938,1540.381165575127,1332.6474476766607,0.00011953510195693913,276888.14285714284
2023-04-16,ETH,1515.1442219462135,1529.1852619726424,1495.6294299147237,1502.476015404162,257718,1502695076,-0.00014577895754130932,0.01330751848385698,33.55583205791868,28.923533592132085,1487.4650103312158,1436.567322997984,1451.4718207141436,1442.6828695277086,1546.8473226586977,1338.5184163967194,0.00017150385604910307,276982.71428571426
2023-04-17,ETH,1527.5659300621955,1533.5947978874267,1509.2980278431614,1517.9327249857993,344460,1502476015,0.010287491729097376,0.013231251685999623,31.118782483264795,29.25303917874859,1494.1308640619843,1438.5434722573195,1452.4545732943016,1450.2134038526624,1553.20825819859,1347.2185495067347,0.00022926156328691876,285564.14285714284
2023-04-18,ETH,1522.1523208954477,1544.2967548928232,1500.0832955343249,1506.6661512966646,189369,1517932724,-0.0074223142460019265,0.013075102759256847,44.21345935849831,30.877719429053236,1499.3533121335008,1440.4158546260708,1452.7736106854009,1456.778731479068,1556.3667936729994,1357.1906692851367,0.00012475454083431435,284273.5714285714
2023-04-19,ETH,1517.5500266983329,1523.2079562974411,1491.3424863128696,1519.5815313557337,260036,1506666151,0.008572157838651728,0.011810864492426024,31.86546998457152,30.35295771603353,1504.5691157681765,1442.6253269647168,1453.583892793559,1462.9502404405234,1562.015585395843,1363.884895485204,0.00017259032455690975,274791.5714285714
2023-04-20,ETH,1493.7661326699329,1515.5332294188615,1468.6545450105843,1468.805412974432,224909,1519581531,-0.03341454034124802,0.01428667472185936,50.92698634514932,30.649459310311336,1503.0887970154356,1443.193968371127,1453.5502366160529,1466.5654593532374,1560.5683900596223,1372.5625286468526,0.0001480071950150597,265189.21428571426
2023-04-21,ETH,1446.3964904426402,1464.6584626034978,1438.4144335882302,1455.271643327334,555819,1468805412,-0.009214133831173199,0.014431206453991,30.390979386201934,30.862977070532192,1497.5501394362059,1444.7928541577426,1452.978260040469,1470.3236002422414,1555.3547963183482,1385.2924041661345,0.00037841568083764657,297507.4285714286
2023-04-22,ETH,1457.1118200997482,1467.135837087369,1429.9903705230563,1452.40720146459,488661,1455271643,-0.001968321086910474,0.014432062832842308,37.145466564312756,32.76156445691773,1492.8045807290398,1446.1405644877245,1452.487570117807,1473.6727081702054,1549.3908104111908,1397.95460592922,0.00033578679441086313,313350.78571428574
2023-04-23,ETH,1467.280759336976,1475.9747932564912,1455.8600170282148,1465.8823185814113,244881,1452407201,0.009277781811624974,0.014449116830524494,23.56759179190135,32.69821735935435,1487.722314655931,1447.6785202400386,1452.606820147574,1476.8214744836782,1545.012315551368,1408.6306334159885,0.0001686035430225053,313578.5714285714
2023-04-24,ETH,1482.2401294743809,1491.863804419486,1468.1910750672148,1480.4362454426616,368203,1465882318,0.00992844151045813,0.014387456756784987,25.981485838074832,32.41122491834137,1487.215432155874,1450.3027709331682,1453.3698469872197,1481.3508603015327,1535.8841392696897,1426.8175813333758,0.00025118182781709494,319450.5714285714
2023-04-25,ETH,1463.534265986756,1466.3685385326394,1453.0433256984925,1454.2239452811702,113346,1480436245,-0.017705794654908402,0.014076140922504539,27.39291974416915,32.413595712983316,1482.368319011396,1451.798977421061,1453.5153894587306,1482.7807223914888,1532.4442655164496,1433.117179266528,7.656256754238005e-05,315381.28571428574
2023-04-26,ETH,1461.205086646407,1481.157287170904,1458.4310204067822,1468.0044160398104,357675,1454223945,0.009476168236231208,0.014363370296462931,26.93334188973381,33.35947668930617,1478.9211590749605,1454.7622993767925,1453.7533123162257,1483.1930847030883,1532.184115250576,1434.2020541556005,0.0002459559280603099,315373.0
2023-04-27,ETH,1485.9292446114566,1494.5788046195084,1482.5638511522525,1492.6540365358596,204056,1468004416,0.01679124410439159,0.014810587680328691,26.574388579698052,33.907965720515755,1476.3932902299669,1458.940032645097,1453.8437381669096,1485.2620771459756,1532.0216055973253,1438.5025486946258,0.00013900230665246172,296361.21428571426
2023-04-28,ETH,1510.545605358473,1539.8103466898792,1491.613209307431,1509.071920653538,334864,1492654036,0.010999122178224852,0.013988419229398611,48.19713738244832,33.36802172796742,1476.633867165654,1463.3971100412634,1454.254768684108,1487.9935896495776,1533.5392685263025,1442.4479107728528,0.00022434133558327108,294397.64285714284
2023-04-29,ETH,1511.1979954457374,1537.922615688797,1506.3142914270493,1514.5102274612989,285239,1509071920,0.0036037426270616457,0.013693682267975864,31.60832426174761,33.53372611912074,1476.1267367762107,1467.3424058857524,1455.3608368822793,1490.3479262721935,1536.2828628084137,1444.4129897359733,0.0001890161735962856,302088.28571428574
2023-04-30,ETH,1530.154572086916,1533.137535106756,1524.510899465567,1531.4350108490128,340177,1514510227,0.011175086890026442,0.013974609053159734,18.627307645457222,32.46740294680207,1482.3896965636688,1471.840205090048,1456.5644805215422,1492.739246789552,1542.0523156352021,1443.4261779439018,0.00022461188702161203,307978.21428571426
2023-05-01,ETH,1513.5184948291285,1556.9907146471348,1513.1020516523524,1532.274844918464,477225,1531435010,0.0005483968065909117,0.013741633939664238,43.88866299478241,33.37953726905333,1490.0900167227817,1476.9124057357546,1457.7712746182217,1493.820078079494,1545.6691690823034,1441.9709870766844,0.00031161949209976595,317461.4285714286
2023-05-02,ETH,1546.0680304486689,1558.0981278173474,1540.5829137569242,1542.95366948197,190213,1532274844,0.006969261812866501,0.013620173486368348,25.823282898883463,32.0659532362237,1499.1446635245197,1482.163359954977,1459.042404084005,1495.9746221267796,1552.2714171800667,1439.6778270734926,0.0001241376511171125,317521.71428571426
2023-05-03,ETH,1554.773933248484,1573.8499711918023,1553.216763774288,1558.6165914291537,279632,1542953669,0.010151258755839443,0.01368704702492089,30.896301709832187,31.99672693088517,1508.418090809294,1487.35367992555,1460.299750423744,1498.0702027326126,1560.4117962326059,1435.7286092326194,0.00018123162452520796,318921.4285714286
2023-05-04,ETH,1564.150030307066,1567.608570854034,1551.006768054778,1563.6141482535388,207716,1558616591,0.0032064055084917165,0.009173805458577388,16.60180279925612,29.544928106178514,1516.7358810903816,1493.145867231149,1461.8523288282327,1501.9756566231276,1570.4843232646467,1433.4669899816085,0.00013326946549871546,317693.35714285716
2023-05-05,ETH,1586.9540379071532,1591.2566448416176,1586.6149487666992,1586.7709728827338,225278,1563614148,0.014809807557100818,0.008639060608462697,27.642496588078757,29.348607906312573,1529.9905838505379,1498.5173428778387,1463.9218869028098,1506.179451430967,1584.4907303824066,1427.8681724795274,0.00014407518650822544,294083.28571428574
2023-05-06,ETH,1588.3838349353844,1606.3488753066954,1560.3832887250371,1601.7446562852888,197335,1586770972,0.009436575068771269,0.008338710464311986,45.96558658165827,29.97861647898011,1543.3646078750858,1503.2502590937543,1466.3975471887998,1511.1428834750234,1600.2984515210228,1421.987315429024,0.00012436262288770933,273274.28571428574
2023-05-07,ETH,1602.8176765186454,1611.0872415000986,1577.772915320758,1602.1197233268265,247094,1601744656,0.0002341615688030707,0.008501366028284212,33.31432617934047,30.67481179236862,1554.3111765541826,1508.278443615378,1469.2669767112216,1515.3522333920746,1613.3669569335366,1417.3375098506126,0.00015426553731545586,273432.35714285716
2023-05-08,ETH,1584.329793652501,1593.3138231610308,1563.2081851835587,1592.4710257496192,541479,1602119723,-0.006022457271277815,0.009043910902073064,38.91153814326776,31.59838695702526,1562.6510870637908,1512.8794221209819,1472.1065036215316,1519.6424771147224,1623.3997291735975,1415.8852250558473,0.00033797661449799153,285809.21428571426
2023-05-09,ETH,1566.7505195536603,1584.9990794410642,1555.241302207579,1580.553745368041,218974,1592471025,-0.007483514732061325,0.007289389398509033,37.22972354204012,32.30101579973033,1569.255438854465,1516.6504304662842,1474.6516313049653,1522.6910878153376,1629.964220054699,1415.4179555759763,0.00013750579857489087,293354.0714285714
2023-05-10,ETH,1596.635899153497,1639.1572246154296,1591.9171816165135,1625.35534204579,315231,1580553745,0.028345506635914175,0.009417028575237409,58.60347924738858,34.563168468134236,1578.6474719741425,1521.3753218510824,1478.1238147302386,1530.5185842689057,1643.9081153981572,1417.1290531396542,0.00019944339191072557,290322.35714285716
2023-05-11,ETH,1611.904060184227,1613.2926169326522,1594.6222079192123,1597.7172863880755,7864,1625355342,-0.01700431588265927,0.011005614060260878,30.733134126577625,34.86022172148278,1585.1917161211036,1524.2772907600306,1481.9320590634225,1537.6408664219427,1649.0062279366832,1426.2755049072023,4.83832660882841e-06,276308.64285714284
2023-05-12,ETH,1590.553438119507,1622.5237099769895,1562.4028305374443,1595.1946742005427,196562,1597717286,-0.0015788852064282377,0.010985113540243948,60.120879439545206,35.71191758270398,1590.415816592961,1527.4550202821736,1485.596434716131,1544.7802400587402,1651.342707846127,1438.2177722713534,0.0001230267718340252,266429.9285714286
2023-05-13,ETH,1595.5263743179496,1607.141853251071,1592.608213362433,1593.3633315504528,437487,1595194674,-0.0011480370889576097,0.011072291284047667,14.533639888638163,34.49229727033902,1593.890490605091,1530.0102986901052,1489.0688284269,1551.1542907071923,1652.9919036030217,1449.316677811363,0.00027425304706101347,277304.78571428574
2023-05-14,ETH,1583.3492841847883,1592.888602767825,1572.1228039865164,1578.9799835781946,248956,1593363331,-0.009027035885319501,0.011334861125706931,21.24052756393644,34.678955835944684,1595.4270741375565,1533.1261291279375,1492.6142536054886,1556.0814776139691,1652.9258519504356,1459.2371032775027,0.00015624559393101787,270789.0
2023-05-15,ETH,1580.9169233135449,1606.6017400129197,1575.809308409135,1602.89377251766,274764,1578979983,0.01514508682071658,0.011827374053259319,30.792431603784735,33.74351073658771,1597.0393541010492,1536.4660856543276,1496.4853740429542,1563.5149689757934,1649.6736404429118,1477.356297508675,0.00017401360559236425,256327.5
2023-05-16,ETH,1597.115766770082,1605.2836643691403,1592.0453724454217,1602.2654989755663,296808,1602893772,-0.0003919620581636085,0.011814755769328451,13.238291923718634,32.84458280979022,1597.091438370077,1539.7924017733744,1500.948588875108,1570.2280231225814,1645.256144322459,1495.1999019227037,0.00018517009996842136,263941.4285714286
2023-05-17,ETH,1616.4152622528752,1617.6734345850998,1613.4979573842954,1613.9383604137488,619310,1602265498,0.007285222983110851,0.011701161864772804,15.407935609533524,31.738270945483173,1598.2733020787691,1542.9925896209727,1505.880915313649,1576.2922393164758,1644.1871518325677,1508.397326800384,0.0003865214602530248,288204.14285714284
2023-05-18,ETH,1630.6973148727727,1638.9392519895775,1609.3437755129949,1637.8879216357295,243185,1613938360,0.01483920440173514,0.012155005915396961,29.59547647658269,32.66639049386364,1602.8149916673801,1547.366648632275,1511.1314817709922,1582.7330393655852,1648.1739643931846,1517.2921143379858,0.00015067799739266373,290737.64285714284
2023-05-19,ETH,1639.7431640087148,1663.3272288376163,1624.6701703924275,1646.998230894849,233185,1637887921,0.005562229954062525,0.011730450496347826,38.657058445188795,33.453144912228645,1609.459440220061,1551.6138719502455,1516.1484193463566,1589.357439537263,1652.502975531,1526.211903543526,0.0001423693263807884,291302.4285714286
2023-05-20,ETH,1666.5669701259255,1675.5121620613083,1653.811229623985,1665.3784530592363,280817,1646998230,0.011159831151974497,0.011814996439848244,28.513931166459315,32.20659809685729,1613.4617513214057,1558.166306619739,1521.5259677131385,1596.054611647774,1661.6965404287375,1530.4126828668104,0.00017050230831152746,297265.4285714286
2023-05-21,ETH,1673.4510889533651,1687.6144536127392,1662.6815972764912,1684.0535245456529,402996,1665378453,0.011213710284356804,0.011991017593239837,24.93285633624805,31.607921679493547,1622.0953751371633,1565.792369327016,1527.6048616931064,1603.6435456291335,1673.2154849431674,1534.0716063150996,0.0002419846367497106,308401.28571428574
2023-05-22,ETH,1679.581573660684,1687.701099081436,1670.402536163822,1685.8672734100926,248428,1684053524,0.0010770137872719854,0.011697700377030672,17.298562917613935,30.064137734803985,1631.1626350581182,1573.5743717251996,1533.613706303202,1610.7892258255397,1683.4057027851948,1538.1727488658846,0.00014751787663489963,287469.0714285714
2023-05-23,ETH,1669.7651744238915,1676.838284100356,1635.325851608555,1638.7906488021667,193246,1685867273,-0.02792427692881272,0.01425627285096969,50.54142180153758,31.01497332476809,1635.7053667832897,1579.3379827325582,1538.3313794330063,1614.7979286941902,1684.0619960607048,1545.5338613276756,0.00011462705462934744,285631.35714285716
2023-05-24,ETH,1641.929276448498,1645.8902360566203,1633.369976455459,1638.6004523672186,300581,1638790648,-0.00011605901894007342,0.0121955562687503,12.520259601161342,27.723314778609,1641.667413662192,1584.6101229633766,1543.306417898639,1618.5472438998743,1684.1678614020684,1552.9266263976801,0.00018341635056731175,284584.9285714286
2023-05-25,ETH,1621.192067209084,1628.1357478923078,1618.1580992305935,1619.7768071546843,398572,1638600452,-0.011487635796353257,0.011658574653397024,20.442353136625115,26.988258993612394,1643.3557171258944,1590.128551692494,1547.1894199720916,1620.197535613472,1684.0907393007228,1556.304331926221,0.00024323928356880496,312492.64285714284
2023-05-26,ETH,1620.30687087892,1624.6317082970745,1591.256022942045,1620.9689956043485,322395,1619776807,0.0007360202000659122,0.011634913584226862,33.37568535502942,25.077887987575554,1645.2260667887726,1595.2273710113116,1550.4136564880225,1621.1587525794248,1684.4587561574606,1557.858749001389,0.00019903668123086047,321480.71428571426
2023-05-27,ETH,1624.1199048652393,1629.8557489240525,1618.6225213888251,1627.823248205836,270459,1620968995,0.004228490871863944,0.011639867694269779,11.233227535227343,24.842144248046207,1646.6145555679814,1599.7330114003112,1553.9446376985768,1622.4439288233755,1685.157357183387,1559.730500463364,0.00016685019937719413,309550.14285714284
2023-05-28,ETH,1657.2522766175396,1663.065671928773,1652.2198390999265,1661.1311755385063,104472,1627823248,0.020461636341280842,0.01222375098400303,35.24242372293702,25.84227968797482,1648.938880958259,1604.80165322981,1558.0784277977168,1625.8769363128197,1689.196084976249,1562.5577876493903,6.417895808304612e-05,299229.85714285716
2023-05-29,ETH,1625.8843823113837,1635.766865071807,1604.796750539416,1615.178182158671,297713,1661131175,-0.027663675245236607,0.014315622760688283,56.33442499909029,27.666707787639503,1645.7568760846414,1608.1572517197226,1561.033521540711,1627.6081581523513,1687.5108396006765,1567.705476704026,0.00017922305262858004,300869.0714285714
2023-05-30,ETH,1623.9941020766717,1637.6337183004746,1614.8139106480132,1622.753866734644,258929,1615178182,0.004690308883350536,0.014351795569936637,22.81980765246135,28.351101768263984,1641.494417452182,1611.2012135825767,1563.8164268653668,1627.4780843867939,1687.4126522058853,1567.5435165677025,0.0001603098672862088,298163.4285714286
2023-05-31,ETH,1648.967438197801,1654.282397781742,1628.8968905181382,1637.8421072848096,452131,1622753866,0.009297923030389565,0.014429421813342298,31.528531047098113,29.50257287094717,1636.8732757260977,1614.7201223281218,1566.3601046286703,1629.4843254316306,1687.8911235289347,1571.0775273343265,0.0002786195796374704,286222.0714285714
2023-06-01,ETH,1636.1547499120531,1656.199811019311,1635.5338220460746,1638.1432078029552,313554,1637842107,0.00018383977112712557,0.013880954295196651,20.66598897323638,28.86475233499386,1632.100869165384,1617.893106938821,1569.1257130140045,1631.6317521117512,1687.8473128706773,1575.416191352825,0.00019144336237290302,291248.4285714286
2023-06-02,ETH,1618.8288475467768,1638.0553441035595,1611.3074887074183,1615.9851921004702,320115,1638143207,-0.013526299530431718,0.014236242747379883,26.835719095536888,28.02037095287587,1629.8203234952143,1619.8053936278652,1571.111317269764,1632.762845139252,1686.5962224564507,1578.9294678220533,0.00019541331834244208,297457.71428571426
2023-06-03,ETH,1609.4878530467204,1617.925829351202,1601.292417502815,1611.985737082699,377753,1615985192,-0.0024749329618377613,0.013780158187308678,16.63341184838714,27.171762430156427,1627.1588519667625,1621.4177799221702,1573.6409306025535,1634.4131328144772,1683.0801593082972,1585.7461063206572,0.00023376018658468004,304381.71428571426
2023-06-04,ETH,1614.0229578795725,1645.3177170613576,1597.8773806455777,1599.451894791442,232225,1611985737,-0.007775405205470376,0.013279944892907552,47.44033641577994,28.77943957869442,1625.1263607304384,1621.8404773191273,1575.576066963863,1634.2410389281663,1683.3992223477353,1585.0828555085973,0.00014406144835511035,292183.78571428574
2023-06-05,ETH,1615.9051782996155,1637.1825911006135,1604.21231734986,1626.137051657582,366746,1599451894,0.01668393838729343,0.014316658213335172,37.730696309171435,30.23887767809138,1625.6431663357614,1622.6535571648703,1578.0492876889316,1635.4346165622671,1682.4357366817999,1588.4334964427344,0.00022929479865932122,300635.0714285714
2023-06-06,ETH,1632.8012646825018,1636.7405227182564,1621.8194727833418,1623.475552195726,489988,1626137051,-0.0016367005838425763,0.012305033646902452,14.921049934914663,27.694565401904033,1625.2083967347505,1623.365418127167,1580.16014423313,1635.911476151366,1682.1821498923166,1589.6408024104155,0.0003013202360149655,321830.9285714286
2023-06-07,ETH,1595.7972656747595,1632.1334291042265,1593.5499294949368,1608.22711392751,410059,1623475552,-0.009392465594934896,0.012524771489039938,38.583499609289674,29.556225402484625,1619.917990573651,1623.8906210664302,1582.191363485747,1634.4284357659549,1682.3058270447332,1586.5510444871766,0.00025258095170872027,329650.78571428574
2023-06-08,ETH,1599.6178208925028,1601.0660074100788,1594.307404362863,1596.2000655116972,319049,1608227113,-0.007478451464756786,0.012317108882505812,13.919709564646837,29.090322290200465,1618.0201789089538,1624.4121650712186,1583.7237341688663,1631.8885274967975,1682.2818179687188,1581.4952370248761,0.00019838553735413862,323970.5714285714
2023-06-09,ETH,1589.2530479466122,1601.181772398684,1586.1385087477047,1598.2469336061904,331697,1596200065,0.0012823380594444433,0.012323814104635608,15.04326365097927,27.780863597054026,1615.569485596108,1623.5085514565653,1586.3125645815014,1628.5319515241451,1678.4738069202149,1578.5900961280754,0.00020780415141757308,324635.0
2023-06-10,ETH,1583.2963132349971,1600.490628042788,1574.8104237682192,1597.2229206496916,380805,1598246933,-0.0006407101024047401,0.012235208005415032,25.68020427456895,28.812790507006998,1611.5075669325965,1623.492072598619,1589.1515901279483,1624.190421329347,1668.6000694673646,1579.7807731913292,0.00023826418317300158,332516.85714285716
2023-06-11,ETH,1602.6457238041714,1612.9951507407009,1588.0503679273031,1594.0843569371214,309186,1597222920,-0.0019650129433990138,0.010516394879477932,24.94478281339775,28.07724472775419,1607.101681846013,1623.4550620231716,1591.985133237399,1619.6012755056986,1655.2875278182933,1583.915023193104,0.00019357723717112698,347139.28571428574
2023-06-12,ETH,1593.7747920374863,1598.606794990853,1581.0255196533888,1586.2513393914182,138368,1594084356,-0.004913803658893823,0.007800278612026793,17.58127533746415,25.30916260906661,1604.1282965751077,1623.2179956178704,1594.3925136535993,1616.9743100351611,1654.4053219713917,1579.5432980989306,8.68009271148007e-05,335757.5
2023-06-13,ETH,1602.9087327872871,1616.7570823624635,1596.0432669081397,1608.331149034868,389913,1586251339,0.013919489991996548,0.008682150788881623,30.505742971045265,25.858157988965463,1603.7628377703245,1624.1963677997596,1596.9504117254432,1615.4608448685435,1651.6368350827809,1579.2848546543062,0.00024580783033148316,345113.5
2023-06-14,ETH,1606.6512597182063,1609.363636060517,1605.5257657570887,1605.770011312923,416187,1608331149,-0.00159241939912802,0.00820142983932534,3.83787030342819,23.880253650131895,1604.3946494224726,1624.2922424262686,1599.9813330460786,1614.7605050764555,1651.1265128626967,1578.3944972902143,0.0002587694706147857,342546.0714285714
2023-06-15,ETH,1611.3505498734723,1630.0987548037413,1607.0779648263217,1626.1688020644392,364193,1605770011,0.012703432376867996,0.009026194394310363,24.32874349081817,24.141878972816308,1604.3978244631585,1625.0890191958977,1603.144620766571,1615.02049539946,1651.6468102625472,1578.394180536373,0.00022680271614563115,346163.14285714284
2023-06-16,ETH,1629.2517191680174,1645.561279840832,1585.2092605612224,1604.3376271381985,367787,1626168802,-0.013424913144641448,0.009014960979276926,60.35201927960952,26.53590041453578,1602.4840319574057,1624.7689947533793,1605.3782925786177,1613.8462143460779,1650.249503503883,1577.4429251882727,0.00022616778746933555,349568.28571428574
2023-06-17,ETH,1627.9864630333727,1633.7171882400946,1613.565707864092,1622.500471522966,323000,1604337627,0.011321086084084664,0.009519883223742615,29.379561101896115,27.44633964692928,1603.9113677169512,1624.2560797496205,1607.6468635960066,1611.914679145301,1641.1473554901204,1582.6820028004818,0.00020132919315991334,345657.35714285716
2023-06-18,ETH,1648.659693861094,1670.338158466088,1621.622259671729,1633.1890444874696,374212,1622500471,0.006587716399534038,0.009330772490775414,48.71589879435919,27.53745124539923,1607.6102656145285,1623.795773536041,1610.02043993653,1612.815222261741,1643.5426764715892,1582.0877680518927,0.00023063907018120057,355799.28571428574
2023-06-19,ETH,1617.4206371581622,1617.908476656837,1613.2705310229387,1616.29551167982,59724,1633189044,-0.010343893050636432,0.008731557241007987,19.91851346453086,26.265152470782045,1609.4151234218916,1622.1596754900604,1611.7176499531458,1612.492304509,1642.9142091641074,1582.0703998538925,3.656894480122413e-05,333869.14285714284
2023-06-20,ETH,1618.2868654420515,1627.211480847348,1617.5812527793948,1623.6878192203574,469505,1616295511,0.004573611376829545,0.008821088917916952,10.91596916752792,25.97907527311156,1612.061613278958,1620.1474853125508,1613.5459094391838,1611.7845901057774,1640.3237532213807,1583.245426990174,0.0002904821530497959,332406.0714285714
2023-06-21,ETH,1621.9743406203788,1624.9645581902373,1614.8443245231797,1615.306300494272,79224,1623687819,-0.0051620259922317,0.008540925593345825,10.120233667057619,23.945984848666416,1614.1838076346733,1617.7954528820235,1614.9929620594298,1610.6427447403432,1636.436859529098,1584.8486299515885,4.879263062328855e-05,308775.0
2023-06-22,ETH,1608.3717546134826,1619.5084580767916,1585.752941747588,1606.3701384103383,291689,1615306300,-0.005532178065051352,0.008418708360901498,33.7555163292036,25.362828188991898,1616.1956875365654,1616.7147692022959,1615.9480329990536,1610.1619920558364,1635.895192635819,1584.4287914758538,0.00018057813555237171,306820.71428571426
2023-06-23,ETH,1592.003846214984,1602.660882263673,1588.741272530755,1588.8479528742123,300686,1606370138,-0.010907937789148558,0.008944094805538894,17.628865879583373,25.54751406246362,1614.2473679204998,1615.056352552529,1616.4527090914669,1609.0051028454122,1636.4186339831342,1581.5915717076903,0.00018718350950819282,304605.64285714284
2023-06-24,ETH,1583.9350907834046,1595.848760029129,1578.879573712039,1587.579127872552,434045,1588847952,-0.0007985817644571291,0.008944542715901952,16.969186317089907,24.92529849407226,1612.4282795764625,1613.983096576458,1616.4688721912635,1608.4114644994677,1637.1769171504816,1579.6460118484538,0.0002731822132216211,308408.5
2023-06-25,ETH,1593.5698688685015,1596.4460997613005,1581.1535429105809,1590.5900676889878,280566,1587579127,0.0018965604696949967,0.00895195361660473,15.29255685071962,24.23585378245239,1608.8704061389174,1612.970465645946,1616.2457804193377,1606.6341153010378,1635.179996579199,1578.0882340228766,0.00017672567951316985,306364.21428571426
2023-06-26,ETH,1585.5152274777038,1598.1363386519831,1568.454970446476,1583.10410822412,302131,1590590067,-0.004706404004989451,0.008943577196348416,29.68136820550717,25.10014613016975,1606.7470542475096,1611.4798276465553,1615.8654681172834,1604.6155431024577,1633.8483812245422,1575.382704980373,0.00018994900462936186,318061.5714285714
2023-06-27,ETH,1576.7857520954888,1587.0805353787655,1555.0623625984729,1568.2225064026668,114200,1583104108,-0.009400267325531009,0.00827750557501856,32.018172780292616,25.208176830830276,1601.3192577354796,1608.3828720086938,1615.3804977303444,1602.6153127262155,1635.9889413396775,1569.2416841127535,7.213675930907256e-05,298367.78571428574
2023-06-28,ETH,1572.4116466644284,1580.4108981791924,1547.5488199097,1574.6202839936354,389503,1568222506,0.004079636381220109,0.008424396858314738,32.862078269492486,27.28133454269201,1595.4623816860963,1607.0309420698593,1615.2618285028561,1601.5363236503124,1637.1063511005048,1565.96629620012,0.0002483722804064897,296461.78571428574
2023-06-29,ETH,1576.901399626281,1586.5957615414632,1565.732388946124,1573.7405625796705,334281,1574620283,-0.0005586879725274496,0.00740464694084014,20.863372595339115,27.033808050157795,1591.2068867760813,1605.3971652646935,1614.2295329135336,1600.3110050989865,1637.984348142701,1562.637662055272,0.000212293086535835,294325.21428571426
2023-06-30,ETH,1539.8765707771145,1550.9506442480945,1536.625425695581,1547.386215402287,201282,1573740562,-0.01674630990903836,0.007829111901997922,37.11513688408945,25.374030736192076,1583.5767263942741,1602.3819688686096,1613.2229114938182,1597.819169836616,1642.3255760598308,1553.3127636134013,0.00012790036989591172,282432.0
2023-07-01,ETH,1555.3076582201977,1557.925369072425,1536.233285096775,1544.0840839304965,415709,1547386215,-0.0021340060024588325,0.006746360892199082,21.692083975649894,24.824925227174486,1576.4545047378965,1599.2466647395277,1612.2006996884168,1595.319156186285,1645.9102001007952,1544.7281122717748,0.00026865238682509526,289054.0714285714
2023-07-02,ETH,1542.5618002712508,1542.8525673542931,1531.6371551140835,1538.507419088986,323321,1544084083,-0.003611632876439619,0.006090796200164055,12.446928816412992,22.234284514464044,1569.6682328057614,1596.6640723058115,1611.1035814391878,1592.9319601711632,1649.4796191854934,1536.3843011568329,0.00020939338962151584,285419.0
2023-07-03,ETH,1544.3774181811082,1554.2088680820711,1543.4762584476414,1545.0017607118773,225521,1538507419,0.00422119616864558,0.006210638007729363,15.70144899308525,21.933065623646502,1565.283613589528,1594.431273093451,1610.4240169818613,1589.7654907550136,1649.6749271372612,1529.856054372766,0.00014658427851234172,297261.64285714284
2023-07-04,ETH,1544.4883567713362,1547.7026974003888,1542.5031098730783,1545.5043112049084,111815,1545001760,0.0003252750293303297,0.005897545465409257,5.199587527310541,21.52475264934526,1561.0761319227636,1592.6330203072328,1609.2762277556064,1586.752205749613,1649.2775308127395,1524.2268806864865,7.23720858415074e-05,271712.35714285716
2023-07-05,ETH,1515.2218507873483,1526.3231139907691,1502.2597338110415,1522.607833079304,428732,1545504311,-0.01481489113916068,0.006625786806529228,43.24457739386685,23.890777201260203,1554.2779084617953,1589.182046354624,1607.6830744376812,1581.5741573003563,1647.419775894235,1515.7285387064776,0.0002774058907170528,296677.21428571426
2023-07-06,ETH,1512.7683254401247,1539.6246663016098,1494.7113655285257,1508.4689158300073,391915,1522607833,-0.009285987463168666,0.006758809992744153,44.913300773084075,24.687761804394523,1546.8143892223839,1585.3484918090996,1605.5736855460063,1576.7807217349468,1649.2717031689883,1504.2897403009054,0.00025739720465499535,303836.21428571426
2023-07-07,ETH,1504.4598642300157,1526.02512922116,1496.515287581579,1521.8218163620322,348869,1508468915,0.00885195604092237,0.007346418066378783,29.509841639580827,25.53640293010863,1542.1743202183204,1582.4683152235839,1603.2523634405325,1571.7467889769,1644.8499641227086,1498.6436138310914,0.00023127357582970146,307277.85714285716
2023-07-08,ETH,1519.777876633052,1532.100361390445,1507.7186106045208,1516.7684441313845,125146,1521821816,-0.003320607035801282,0.007317863324020875,24.38175078592417,26.06587182073965,1536.3891362320953,1579.8205945109066,1600.647767705263,1565.9257589590957,1636.939667690535,1494.9118502276563,8.223433169655652e-05,285213.64285714284
2023-07-09,ETH,1540.8190297709511,1552.8307422540336,1525.614442595072,1530.15575984566,448202,1516768444,0.008826209278069541,0.00790223675001549,36.062298122649054,27.549424768734607,1532.0306559586943,1577.550888718889,1597.9433138409916,1561.6187713673876,1630.1761009895556,1493.0614417452196,0.00029549797253034096,297187.64285714284
2023-07-10,ETH,1513.23675617394,1516.4890202010167,1508.575468164024,1509.7977934112964,377966,1530155759,-0.01330450596507704,0.008386601051828405,21.580291681636027,26.970776445600954,1528.2718137595953,1574.6367178109426,1594.4581992183043,1555.9242700769346,1621.6346562132849,1490.2138839405843,0.00024701145473387067,302604.4285714286
2023-07-11,ETH,1510.5463288195804,1512.9835078854494,1489.2073178905043,1490.9123533846423,421331,1509797793,-0.012508588970701617,0.008597638579095014,23.77618999494507,26.3820633895047,1522.9546407050098,1571.19765102586,1590.5591008177953,1549.7045727214531,1615.2973219854387,1484.1118234574676,0.00027906452238402496,324542.35714285716
2023-07-12,ETH,1465.8137654152251,1477.6263197812873,1451.670837361449,1461.1340434640636,461558,1490912353,-0.019973212947747454,0.00932396835901447,39.2415160231933,26.837737514769042,1515.2173031425177,1567.0270744949482,1587.0059687110331,1542.4427679741395,1613.5476093895397,1471.3379265587394,0.0003095809080066023,329689.14285714284
2023-07-13,ETH,1488.7697552277864,1495.64930099358,1488.0853676534402,1488.293653566939,185333,1461134043,0.018588034564224643,0.011271785945709876,34.515257529516475,27.81287215292457,1509.5464924280236,1563.025824646017,1583.9998327350277,1537.4150530087759,1608.9230868531722,1465.9070191643796,0.00012684188756527384,319050.0
2023-07-14,ETH,1496.4239673604138,1496.5200717451132,1489.893784304395,1490.0989062729814,289039,1488293653,0.0012129680871217907,0.010707668262053502,8.226418178174299,25.7493922453592,1504.005951934831,1559.1701211446855,1581.4062747173937,1532.5410419287973,1602.9322920582115,1462.1497917993831,0.00019420831327028444,325318.35714285716
2023-07-15,ETH,1473.7354525155577,1479.0675944930492,1447.1524862169233,1475.8787384604143,264501,1490098906,-0.00954310331529229,0.010862829769296197,42.94642005605806,27.2675591082455,1499.3330424729422,1554.1604523578849,1578.504469574515,1526.8054754673688,1595.9641811874726,1457.646769747265,0.00017750566686208948,314517.78571428574
2023-07-16,ETH,1486.1649403333518,1491.1260485541054,1468.7303732631265,1490.7680125484371,336964,1475878738,0.010088412889228904,0.011422358306664503,22.395675290978943,27.97818385642878,1497.562952144785,1550.374798538226,1575.7633648613669,1522.1886706835844,1587.7578646622426,1456.6194767049262,0.0002283141502916617,315492.28571428574
2023-07-17,ETH,1467.8151565791925,1489.630956093558,1460.0510318168947,1464.6106305217374,96103,1490768012,-0.017546245832028684,0.011951993588588514,30.716980731542435,29.05072183774715,1491.8418335607555,1545.1118038381853,1571.8329539610318,1517.008076889538,1583.627359433971,1450.388794345105,6.446542938030253e-05,306248.14285714284
2023-07-18,ETH,1489.9852293795798,1523.231271980975,1480.4783622122186,1499.308511520555,350084,1464610630,0.023690856993477505,0.014016827200498997,58.620641459237504,32.866511404313364,1490.0958402996725,1540.649119405955,1569.5155605482691,1513.242488265884,1574.443841682609,1452.041134849159,0.00023902871714101925,323267.35714285716
2023-07-19,ETH,1483.3648347243563,1496.3206860995097,1464.6528573159858,1495.257197625024,213496,1499308511,-0.002702121587652595,0.013535474048221733,34.655654204569146,32.2530168907921,1486.605984077609,1536.6145089374618,1566.965627166077,1509.3183200181516,1563.8924581774897,1454.7441818588134,0.00014239631032148526,307893.35714285716
